BurstID,ObsDate,MJD,DM,Width,PeakFlux,Fluence,Energy_c,Energy_w,BandWidth,Width,PeakFlux,Fluence,Energy_w
 , ,Barycentric, ,FullBand,FullBand,FullBand,FullBand,FullBand, ,LimitedBand,LimitedBand,LimitedBand,LimitedBand
 , , ,(pc/cm^3),(ms),(mJy),(Jy ms),(1e37erg),(1e37erg),(MHz),(ms),(mJy),(Jy ms),(1e37erg)
1,20210926,59482.94451,412.97,3.31,12.39,0.041,1.148,0.459,200,3.81,22.5,0.086,0.421
2,20210926,59482.94673,412.97,3.78,28.61,0.108,3.023,1.209,150,3.55,79.38,0.281,1.038
3,20210926,59482.94701,412.97,4.34,5.99,0.026,0.7278,0.2911,50,5.18,32.52,0.168,0.2071
4,20210926,59482.94712,412.97,2.7,7.41,0.02,0.5598,0.2239,100,3.54,20.05,0.071,0.1747
5,20210926,59482.94736,412.97,4.47,9.61,0.043,1.204,0.4814,100,4,38.02,0.152,0.374
6,20210926,59482.94758,412.97,2.85,10.89,0.031,0.8677,0.3471,150,3.17,22.96,0.073,0.2687
7,20210926,59482.94769,412.97,8.46,211.11,1.787,50.02,20.01,300,7.82,462.35,3.617,26.68
8,20210926,59482.95005,412.97,5.77,68.47,0.395,11.06,4.422,450,5.26,75.19,0.395,4.373
9,20210926,59482.95226,412.97,4.83,29.58,0.143,4.003,1.601,200,4.79,67.06,0.322,1.581
10,20210926,59482.95326,412.97,5.96,38.59,0.23,6.438,2.575,150,5.3,104.79,0.556,2.049
11,20210926,59482.95326,412.97,5.88,62.74,0.369,10.33,4.131,350,4.09,123.75,0.507,4.36
12,20210926,59482.95355,412.97,4.81,6.24,0.03,0.8397,0.3359,100,2.97,31.24,0.093,0.2284
13,20210926,59482.95379,412.97,3.12,6.4,0.02,0.5598,0.2239,100,1.73,26.89,0.046,0.1142
14,20210926,59482.95569,412.97,3.71,30.7,0.114,3.191,1.276,300,3.42,49.57,0.169,1.249
15,20210926,59482.95927,412.97,6.77,227.02,1.537,43.02,17.21,400,6.1,290.64,1.773,17.44
16,20210926,59482.96155,412.97,14.39,375.59,5.403,151.2,60.49,350,12.42,584.6,7.262,62.49
17,20210926,59482.96157,412.97,2.7,8.13,0.022,0.6158,0.2463,150,2.82,22.93,0.065,0.2385
18,20210926,59482.96238,412.97,8.69,14.73,0.128,3.583,1.433,250,7.76,28.63,0.222,1.366
19,20210926,59482.96311,412.97,6.23,10.11,0.063,1.763,0.7054,150,5.42,26.2,0.142,0.524
20,20210926,59482.96557,412.97,3.83,113.65,0.435,12.18,4.87,200,3.4,269.33,0.915,4.501
21,20210926,59482.96594,412.97,6.92,8.82,0.061,1.707,0.683,200,7.26,15.43,0.112,0.5508
22,20210926,59482.96594,412.97,9.44,193.32,1.825,51.08,20.43,400,8.71,248.37,2.162,21.26
23,20210926,59482.96645,412.97,3.25,6.47,0.021,0.5878,0.2351,150,2.82,19.06,0.054,0.1982
24,20210926,59482.96645,412.97,3.48,8.34,0.029,0.8117,0.3247,150,4.7,17.84,0.084,0.309
25,20210926,59482.96783,412.97,6.66,10.06,0.067,1.875,0.7501,150,5,25.15,0.126,0.4635
26,20210926,59482.97383,412.97,5.6,189,1.058,29.61,11.84,400,5.11,238.46,1.219,11.98
27,20210926,59482.97432,412.97,6.53,112.95,0.738,20.66,8.263,450,3.83,191.88,0.734,8.125
28,20210926,59482.97432,412.97,4.6,15.01,0.069,1.931,0.7725,350,4.26,20.31,0.087,0.7445
29,20210926,59482.97862,412.97,3.44,9.6,0.033,0.9237,0.3695,250,2.57,17.71,0.046,0.2799
30,20210926,59482.97882,412.97,3.79,7.13,0.027,0.7557,0.3023,100,7.42,24.32,0.18,0.4434
31,20210926,59482.98046,412.97,9.6,382.98,3.678,102.9,41.18,350,8.41,648.75,5.454,46.94
32,20210926,59482.98046,412.97,7.48,41.3,0.309,8.649,3.46,200,6.33,81.25,0.515,2.53
33,20210926,59482.98112,412.97,4.42,12.67,0.056,1.567,0.627,200,4.92,27.04,0.133,0.6538
34,20210926,59482.98135,412.97,5.51,33,0.182,5.094,2.038,400,5.23,39.85,0.209,2.051
35,20210926,59482.98284,412.97,5.53,11.04,0.061,1.707,0.683,100,5.3,43.64,0.231,0.5688
36,20210927,59483.86469,412.18,8.68,43.66,0.379,10.61,4.243,300,4.25,126.74,0.539,3.974
37,20210927,59483.86524,412.18,3.18,7.24,0.023,0.6438,0.2575,50,3.48,29.35,0.102,0.1254
38,20210927,59483.86609,412.18,5.09,42.79,0.218,6.102,2.441,300,4.3,74.26,0.32,2.358
39,20210927,59483.8661,412.18,3.39,10.62,0.036,1.008,0.4031,100,3.16,42.64,0.135,0.3314
40,20210927,59483.86631,412.18,7.29,103.89,0.757,21.19,8.476,250,6.75,209.03,1.411,8.671
41,20210927,59483.86635,412.18,6.89,311.66,2.147,60.1,24.04,350,4.03,660.19,2.661,22.9
42,20210927,59483.86635,412.18,3.94,8.63,0.034,0.9517,0.3807,100,3.67,23.33,0.086,0.2105
43,20210927,59483.86635,412.18,11.01,153.91,1.694,47.42,18.97,300,9.72,290.28,2.821,20.81
44,20210927,59483.86703,412.18,5.18,81.11,0.42,11.76,4.702,400,4.62,99.88,0.462,4.541
45,20210927,59483.86744,412.18,4.14,32.59,0.135,3.779,1.511,400,3.56,36.8,0.131,1.29
46,20210927,59483.86908,412.18,3.26,57.72,0.188,5.262,2.105,200,2.87,144.04,0.413,2.033
47,20210927,59483.86952,412.18,1.27,9.46,0.012,0.3359,0.1344,100,2.27,26.86,0.061,0.15
48,20210927,59483.87008,412.18,6.93,35.5,0.246,6.886,2.754,450,6.1,38.53,0.235,2.6
49,20210927,59483.8701,412.18,7.09,207.31,1.47,41.14,16.46,450,6.4,225.77,1.445,15.99
50,20210927,59483.87092,412.18,7.81,119.66,0.934,26.14,10.46,200,7.45,286,2.129,10.47
51,20210927,59483.87094,412.18,4.15,55.48,0.23,6.438,2.575,200,4.02,125.82,0.506,2.49
52,20210927,59483.87107,412.18,3.35,4.48,0.015,0.4198,0.1679,50,5.92,27.06,0.16,0.197
53,20210927,59483.87161,412.18,5.16,6.78,0.035,0.9797,0.3919,100,3.97,18.36,0.073,0.1791
54,20210927,59483.87178,412.18,3.17,41.9,0.133,3.723,1.489,250,3.06,78.38,0.24,1.472
55,20210927,59483.87178,412.18,5.18,11.39,0.059,1.651,0.6606,200,4.18,27.69,0.116,0.5688
56,20210927,59483.87224,412.18,5.57,120.14,0.669,18.72,7.49,350,5.16,180.32,0.93,8.002
57,20210927,59483.87254,412.18,4.14,11.58,0.048,1.344,0.5374,100,4.64,47.73,0.221,0.5441
58,20210927,59483.87293,412.18,4.13,36.57,0.151,4.226,1.691,300,3.74,71.89,0.269,1.982
59,20210927,59483.87411,412.18,4.18,9.8,0.041,1.148,0.459,150,2.8,26.66,0.075,0.2754
60,20210927,59483.87411,412.18,4.91,21.39,0.105,2.939,1.176,100,4.17,87.31,0.364,0.8957
61,20210927,59483.87435,412.18,5.42,10.52,0.057,1.595,0.6382,250,4.03,14.93,0.06,0.3695
62,20210927,59483.87435,412.18,3.34,20.06,0.067,1.875,0.7501,250,3.49,37.1,0.129,0.7949
63,20210927,59483.87506,412.18,4.91,64.17,0.315,8.817,3.527,200,4.54,151.23,0.686,3.372
64,20210927,59483.87506,412.18,3.66,9.83,0.036,1.008,0.4031,100,4.07,40.94,0.167,0.4098
65,20210927,59483.8754,412.18,3.16,67.82,0.214,5.99,2.396,200,3.03,153.88,0.466,2.293
66,20210927,59483.8763,412.18,4.84,71.42,0.346,9.685,3.874,200,4.3,168.89,0.726,3.569
67,20210927,59483.8763,412.18,3.75,6.94,0.026,0.7278,0.2911,50,5.33,34.7,0.185,0.2273
68,20210927,59483.87828,412.18,23.1,153.41,3.544,99.2,39.68,450,21.11,170.38,3.596,39.78
69,20210927,59483.8786,412.18,3.77,282.69,1.065,29.81,11.92,350,2.42,520.17,1.258,10.83
70,20210927,59483.87868,412.18,9.11,75.18,0.685,19.17,7.669,200,8.39,181.13,1.519,7.47
71,20210927,59483.87907,412.18,7.23,14.39,0.104,2.911,1.164,150,2.59,48.35,0.125,0.4613
72,20210927,59483.87986,412.18,8.89,212.05,1.886,52.79,21.12,500,6.56,212.18,1.393,17.12
73,20210927,59483.88023,412.18,5.47,93.26,0.51,14.28,5.71,200,4.92,219.97,1.082,5.32
74,20210927,59483.88047,412.18,6.46,10.38,0.067,1.875,0.7501,200,4.84,26.54,0.128,0.6315
75,20210927,59483.88081,412.18,2.29,8.73,0.02,0.5598,0.2239,100,2.61,21.61,0.056,0.1388
76,20210927,59483.88112,412.18,5.97,16.93,0.101,2.827,1.131,150,4.84,47.96,0.232,0.8565
77,20210927,59483.88363,412.18,8.38,108.88,0.912,25.53,10.21,250,6.97,256.06,1.784,10.97
78,20210927,59483.88384,412.18,6.73,176.73,1.19,33.31,13.32,350,5.23,298.8,1.564,13.46
79,20210927,59483.88484,412.18,4.92,85.71,0.422,11.81,4.725,300,4.15,164.33,0.682,5.032
80,20210927,59483.88571,412.18,5.45,18.34,0.1,2.799,1.12,100,4.54,72.58,0.33,0.8106
81,20210927,59483.88745,412.18,6.46,57.28,0.37,10.36,4.142,150,6.02,151.31,0.911,3.359
82,20210927,59483.88766,412.18,4.22,11.86,0.05,1.4,0.5598,100,5.83,30.29,0.177,0.4344
83,20210927,59483.89123,412.18,2.12,11.8,0.025,0.6998,0.2799,100,4.05,25.64,0.104,0.2553
84,20210927,59483.8917,412.18,4.32,9.49,0.041,1.148,0.459,100,4.82,29.64,0.143,0.3516
85,20210927,59483.89222,412.18,10.89,78.68,0.857,23.99,9.595,300,7.94,189.69,1.507,11.11
86,20210927,59483.89281,412.18,5.79,80.98,0.469,13.13,5.251,400,4.83,114.35,0.553,5.435
87,20210927,59483.89281,412.18,4.86,8.64,0.042,1.176,0.4702,100,4.75,22.42,0.107,0.262
88,20210927,59483.89464,412.18,5.73,12.56,0.072,2.015,0.8061,150,2.25,32.38,0.073,0.2687
89,20210927,59483.89508,412.18,2.84,9.49,0.027,0.7557,0.3023,250,3.58,10.68,0.038,0.2351
90,20210927,59483.89566,412.18,4.9,279.21,1.368,38.29,15.32,500,4.44,279.13,1.24,15.25
91,20210927,59483.8957,412.18,4.55,23.06,0.105,2.939,1.176,100,3.47,97.56,0.339,0.833
92,20210927,59483.89588,412.18,5.06,22.54,0.114,3.191,1.276,150,4.85,57.24,0.278,1.024
93,20210927,59483.89604,412.18,2.71,14.05,0.038,1.064,0.4254,200,2.71,31.27,0.085,0.4165
94,20210927,59483.89627,412.18,8.68,30.19,0.262,7.333,2.933,150,8.12,75.13,0.61,2.25
95,20210927,59483.89663,412.18,5.31,10.36,0.055,1.539,0.6158,100,5.28,34.47,0.182,0.4478
96,20210927,59483.89676,412.18,4.79,9.18,0.044,1.232,0.4926,250,5.03,16.87,0.085,0.5217
97,20210927,59483.89767,412.18,4.7,10.86,0.051,1.428,0.571,200,4.16,23.87,0.099,0.4882
98,20210927,59483.89824,412.18,4.04,52.54,0.212,5.934,2.374,300,3.58,84.11,0.301,2.224
99,20210927,59483.8988,412.18,3.7,10.54,0.039,1.092,0.4366,200,2.35,29.48,0.069,0.3404
100,20210927,59483.8993,412.18,4.73,20.74,0.098,2.743,1.097,250,5.01,43.27,0.217,1.332
101,20210927,59483.89954,412.18,5.23,10.71,0.056,1.567,0.627,100,5.53,29.98,0.166,0.4075
102,20210927,59483.90142,412.18,14.94,159.46,2.382,66.67,26.67,300,11.52,507.65,5.851,43.15
103,20210927,59483.90157,412.18,1.94,6.19,0.012,0.3359,0.1344,50,4.51,36.35,0.164,0.2015
104,20210927,59483.90202,412.18,6.29,10.01,0.063,1.763,0.7054,100,8.52,25.97,0.221,0.5441
105,20210927,59483.90235,412.18,7.2,177.62,1.279,35.8,14.32,350,6.58,314.84,2.07,17.81
106,20210927,59483.90245,412.18,5.5,114.38,0.629,17.6,7.042,350,4.8,200.03,0.96,8.265
107,20210927,59483.90245,412.18,8.1,9.13,0.074,2.071,0.8285,100,7.83,28.63,0.224,0.5508
108,20210928,59484.81506,411.51,2.79,12.88,0.036,1.008,0.4031,300,2.18,18.38,0.04,0.2956
109,20210928,59484.81507,411.51,6.97,13.2,0.092,2.575,1.03,200,6.39,31.52,0.201,0.9897
110,20210928,59484.81508,411.51,5.33,6.38,0.034,0.9517,0.3807,100,5.15,19.82,0.102,0.2508
111,20210928,59484.81519,411.51,2.04,10.79,0.022,0.6158,0.2463,100,2.58,56.11,0.145,0.356
112,20210928,59484.81554,411.51,5.29,8.12,0.043,1.204,0.4814,200,3.58,20.11,0.072,0.3538
113,20210928,59484.81563,411.51,10.61,65.59,0.696,19.48,7.792,250,8.35,149.99,1.253,7.701
114,20210928,59484.81572,411.51,6.33,109.44,0.693,19.4,7.759,500,5.67,109.47,0.621,7.636
115,20210928,59484.81608,411.51,10,41.4,0.414,11.59,4.635,250,8.37,83.38,0.698,4.288
116,20210928,59484.81608,411.51,12.21,171.17,2.09,58.5,23.4,450,11.07,188.74,2.09,23.12
117,20210928,59484.8162,411.51,4.42,14.93,0.066,1.847,0.7389,200,4.2,33.63,0.141,0.6942
118,20210928,59484.81648,411.51,5.72,66.95,0.383,10.72,4.288,200,5.11,166.25,0.85,4.178
119,20210928,59484.81656,411.51,6.19,157.4,0.975,27.29,10.92,350,5.32,225.18,1.198,10.31
120,20210928,59484.81656,411.51,5.07,10.06,0.051,1.428,0.571,100,4.46,40.27,0.179,0.4411
121,20210928,59484.81706,411.51,6.9,117.29,0.809,22.64,9.058,250,6.35,257.01,1.631,10.03
122,20210928,59484.81711,411.51,5.49,298.76,1.64,45.9,18.36,350,4.97,397.86,1.978,17.02
123,20210928,59484.81711,411.51,4.52,10.63,0.048,1.344,0.5374,150,4.19,43.88,0.184,0.6785
124,20210928,59484.81711,411.51,17.91,237.31,4.25,119,47.58,450,17.54,263.04,4.615,51.05
125,20210928,59484.81756,411.51,6.2,193.85,1.201,33.62,13.45,450,5.15,208.08,1.071,11.85
126,20210928,59484.81756,411.51,9.94,265.82,2.643,73.98,29.59,250,8.39,547.94,4.597,28.25
127,20210928,59484.81778,411.51,5.67,9.16,0.052,1.456,0.5822,100,4.15,39.07,0.162,0.3986
128,20210928,59484.8178,411.51,3.24,21.27,0.069,1.931,0.7725,200,3.52,50.21,0.177,0.8688
129,20210928,59484.81798,411.51,3.28,274.28,0.901,25.22,10.09,500,3.27,274.43,0.896,11.02
130,20210928,59484.81856,411.51,6.1,28.54,0.174,4.87,1.948,400,5.64,33.62,0.189,1.863
131,20210928,59484.81946,411.51,3.98,33.39,0.133,3.723,1.489,350,3.76,52.38,0.197,1.693
132,20210928,59484.81946,411.51,7.11,245.4,1.745,48.84,19.54,500,6.48,245.66,1.593,19.58
133,20210928,59484.81946,411.51,5.85,83.06,0.486,13.6,5.441,300,5.45,165,0.899,6.63
134,20210928,59484.81999,411.51,9.81,34.34,0.337,9.433,3.773,400,8.8,43.82,0.386,3.793
135,20210928,59484.82009,411.51,4.11,9.01,0.037,1.036,0.4142,150,3.58,24.67,0.088,0.3258
136,20210928,59484.82019,411.51,5.25,7.99,0.042,1.176,0.4702,300,2.77,11.2,0.031,0.2284
137,20210928,59484.82025,411.51,1.68,7.13,0.012,0.3359,0.1344,50,4.5,51.66,0.232,0.2855
138,20210928,59484.82127,411.51,2.43,11.13,0.027,0.7557,0.3023,200,2.46,17.39,0.043,0.2105
139,20210928,59484.82131,411.51,9.13,35.81,0.327,9.153,3.661,300,7.87,61,0.48,3.54
140,20210928,59484.82131,411.51,7.02,56.11,0.394,11.03,4.411,250,6.53,118.08,0.771,4.742
141,20210928,59484.82136,411.51,3.59,228.18,0.82,22.95,9.181,400,3.28,316.01,1.037,10.2
142,20210928,59484.82178,411.51,4.78,87.65,0.419,11.73,4.691,400,4.42,104.15,0.46,4.528
143,20210928,59484.82186,411.51,8.04,29.36,0.236,6.606,2.642,200,7.87,65.87,0.518,2.548
144,20210928,59484.82212,411.51,4.1,12.92,0.053,1.483,0.5934,150,3,45.27,0.136,0.5005
145,20210928,59484.82219,411.51,4.62,297.3,1.374,38.46,15.38,450,4.2,324.93,1.364,15.09
146,20210928,59484.82219,411.51,4.39,54.47,0.239,6.69,2.676,200,4.05,138.67,0.561,2.759
147,20210928,59484.82256,411.51,3.13,6.71,0.021,0.5878,0.2351,100,3.59,23.56,0.085,0.2082
148,20210928,59484.82265,411.51,7.27,55.55,0.404,11.31,4.523,300,6.43,107.01,0.688,5.072
149,20210928,59484.82273,411.51,4.17,28.32,0.118,3.303,1.321,350,3.56,39.67,0.141,1.215
150,20210928,59484.82273,411.51,9.09,206.6,1.879,52.59,21.04,500,5.66,314.84,1.783,21.92
151,20210928,59484.82278,411.51,8.09,156.21,1.264,35.38,14.15,400,7.3,201.26,1.47,14.46
152,20210928,59484.82282,411.51,13.03,740.65,9.653,270.2,108.1,500,11.71,740.98,8.679,106.7
153,20210928,59484.82295,411.51,2.96,133.06,0.394,11.03,4.411,200,2.69,334.96,0.903,4.438
154,20210928,59484.823,411.51,6.48,6.63,0.043,1.204,0.4814,100,2.45,24.89,0.061,0.15
155,20210928,59484.82363,411.51,7.27,78.68,0.572,16.01,6.404,400,6.57,101.27,0.666,6.548
156,20210928,59484.82363,411.51,14.32,175.33,2.511,70.28,28.11,300,13.88,274.66,3.812,28.12
157,20210928,59484.82363,411.51,9.17,23.98,0.22,6.158,2.463,100,9.47,103.67,0.982,2.414
158,20210928,59484.82365,411.51,3.06,71.2,0.218,6.102,2.441,450,2.75,75.42,0.208,2.297
159,20210928,59484.82378,411.51,4.29,27.53,0.118,3.303,1.321,150,3.84,89.8,0.345,1.273
160,20210928,59484.82387,411.51,4.69,8.96,0.042,1.176,0.4702,100,5.69,28.01,0.159,0.3919
161,20210928,59484.8239,411.51,8.38,17.91,0.15,4.198,1.679,200,7.77,48.2,0.374,1.841
162,20210928,59484.82407,411.51,2.85,8.79,0.025,0.6998,0.2799,150,4.16,27.34,0.114,0.4198
163,20210928,59484.82463,411.51,3.38,11.23,0.038,1.064,0.4254,100,3.05,60.63,0.185,0.4546
164,20210928,59484.82466,411.51,3.94,47.25,0.186,5.206,2.082,300,3.35,86.94,0.291,2.15
165,20210928,59484.82466,411.51,6.47,30.45,0.197,5.514,2.206,200,6.34,71.95,0.456,2.244
166,20210928,59484.82466,411.51,16.61,323.06,5.366,150.2,60.08,500,8.95,435.05,3.894,47.87
167,20210928,59484.82496,411.51,2.54,25.21,0.064,1.791,0.7166,200,2.54,54.96,0.139,0.6852
168,20210928,59484.82512,411.51,3.4,24.4,0.083,2.323,0.9293,100,3.55,103.29,0.367,0.9024
169,20210928,59484.82512,411.51,10.71,84.81,0.908,25.42,10.17,250,10.1,179.78,1.816,11.16
170,20210928,59484.82517,411.51,0.91,5.51,0.005,0.14,0.05598,100,2.13,23.06,0.049,0.1209
171,20210928,59484.82517,411.51,2.96,9.81,0.029,0.8117,0.3247,200,3.97,19.29,0.077,0.3762
172,20210928,59484.82531,411.51,4.17,28.27,0.118,3.303,1.321,300,3.91,48.4,0.189,1.397
173,20210928,59484.82531,411.51,5.24,12.22,0.064,1.791,0.7166,100,5.22,56.39,0.294,0.7233
174,20210928,59484.82531,411.51,5.41,14.97,0.081,2.267,0.9069,150,5.48,38.7,0.212,0.7826
175,20210928,59484.82531,411.51,1.73,8.07,0.014,0.3919,0.1567,50,7.01,36.74,0.258,0.3168
176,20210928,59484.82708,411.51,4.79,164.96,0.79,22.11,8.845,450,4.39,175.01,0.769,8.505
177,20210928,59484.82708,411.51,4.53,46.81,0.212,5.934,2.374,250,4.42,94.87,0.419,2.575
178,20210928,59484.82738,411.51,6.17,37.13,0.229,6.41,2.564,300,5.21,57.56,0.3,2.21
179,20210928,59484.82738,411.51,13.91,147.82,2.056,57.55,23.02,300,13.68,312.1,4.271,31.5
180,20210928,59484.82771,411.51,5.96,13.77,0.082,2.295,0.9181,350,5.39,20.79,0.112,0.964
181,20210928,59484.82771,411.51,6.65,33.99,0.226,6.326,2.53,200,6.22,83.21,0.517,2.544
182,20210928,59484.82808,411.51,2.91,23.68,0.069,1.931,0.7725,200,2.87,51.09,0.147,0.721
183,20210928,59484.82883,411.51,4.87,55.42,0.27,7.557,3.023,250,4.17,118.71,0.495,3.045
184,20210928,59484.82891,411.51,5.86,42.32,0.248,6.942,2.777,150,5.36,135.02,0.723,2.667
185,20210928,59484.82964,411.51,5.92,85.97,0.509,14.25,5.699,350,5.48,131.19,0.72,6.191
186,20210928,59484.83043,411.51,3.25,21.52,0.07,1.959,0.7837,150,3.25,69.13,0.225,0.8296
187,20210928,59484.83043,411.51,10.8,24.73,0.267,7.473,2.989,200,9.46,58.9,0.557,2.741
188,20210928,59484.83043,411.51,4.45,26.95,0.12,3.359,1.344,100,4.36,124.62,0.544,1.337
189,20210928,59484.83059,411.51,6.3,75.84,0.478,13.38,5.352,300,5.57,150.03,0.835,6.16
190,20210928,59484.8306,411.51,4.89,244.72,1.197,33.5,13.4,450,4.51,266.84,1.203,13.31
191,20210928,59484.8306,411.51,3.57,15.7,0.056,1.567,0.627,200,3.65,36.72,0.134,0.6583
192,20210928,59484.83066,411.51,7.67,25.93,0.199,5.57,2.228,100,7.78,114.77,0.893,2.194
193,20210928,59484.83072,411.51,4.07,5.9,0.024,0.6718,0.2687,200,2.61,17.1,0.045,0.2194
194,20210928,59484.83074,411.51,4.68,22.2,0.104,2.911,1.164,300,4.49,39.98,0.179,1.323
195,20210928,59484.83074,411.51,5.58,51.8,0.289,8.089,3.236,200,5.1,132.06,0.674,3.314
196,20210928,59484.83084,411.51,6.76,76.51,0.517,14.47,5.788,450,5.87,83.51,0.49,5.426
197,20210928,59484.83135,411.51,2.55,27.04,0.069,1.931,0.7725,200,2.13,63.65,0.136,0.6673
198,20210928,59484.8319,411.51,9.63,352.86,3.397,95.08,38.03,500,8.65,353.02,3.054,37.55
199,20210928,59484.83202,411.51,8.46,184.56,1.561,43.69,17.48,400,7.62,224.4,1.711,16.82
200,20210928,59484.83204,411.51,4.63,134.94,0.625,17.49,6.998,250,4.24,281.44,1.192,7.328
201,20210928,59484.83209,411.51,3.26,11.95,0.039,1.092,0.4366,200,3.62,21.64,0.078,0.3851
202,20210928,59484.83249,411.51,7.55,14.84,0.112,3.135,1.254,300,6.51,28.11,0.183,1.35
203,20210928,59484.83274,411.51,3.5,17.41,0.061,1.707,0.683,100,4.85,57.12,0.277,0.6807
204,20210928,59484.83287,411.51,8.91,25.71,0.229,6.41,2.564,400,8.53,30.31,0.259,2.544
205,20210928,59484.83287,411.51,4.52,17.24,0.078,2.183,0.8733,200,3.78,47.76,0.18,0.8867
206,20210928,59484.83305,411.51,5.68,13.57,0.077,2.155,0.8621,200,4.95,34.96,0.173,0.8509
207,20210928,59484.83308,411.51,4.4,18.66,0.082,2.295,0.9181,300,3.98,32.53,0.129,0.9539
208,20210928,59484.83308,411.51,5.72,527.52,3.017,84.45,33.78,450,5.27,558.63,2.942,32.55
209,20210928,59484.83323,411.51,4.48,333.91,1.495,41.84,16.74,450,3.67,429.7,1.576,17.44
210,20210928,59484.83331,411.51,3.72,10.22,0.038,1.064,0.4254,300,4.38,14.36,0.063,0.4635
211,20210928,59484.83331,411.51,5.64,32.64,0.184,5.15,2.06,200,5.67,71.78,0.407,2.002
212,20210928,59484.83416,411.51,5.23,77.32,0.404,11.31,4.523,500,4.75,77.31,0.367,4.512
213,20210928,59484.83476,411.51,7.98,114.72,0.916,25.64,10.26,300,7.25,215.51,1.562,11.52
214,20210928,59484.83489,411.51,14.78,166.52,2.462,68.91,27.56,400,7.64,352.41,2.694,26.49
215,20210928,59484.83525,411.51,10.68,211.82,2.263,63.34,25.34,500,5.47,387.41,2.117,26.03
216,20210928,59484.83525,411.51,3.95,29.6,0.117,3.275,1.31,200,3.56,81.94,0.291,1.433
217,20210928,59484.83536,411.51,4.42,680.57,3.008,84.2,33.68,450,4.02,721.88,2.9,32.08
218,20210928,59484.83562,411.51,3.75,6.66,0.025,0.6998,0.2799,50,2.49,44.32,0.11,0.1355
219,20210928,59484.83562,411.51,6.69,18.98,0.127,3.555,1.422,100,6.54,84.14,0.55,1.352
220,20210928,59484.83562,411.51,8.13,33.93,0.276,7.725,3.09,150,7.7,106.23,0.818,3.016
221,20210928,59484.83594,411.51,4.13,124.38,0.514,14.39,5.755,500,3.57,124.59,0.445,5.468
222,20210928,59484.83594,411.51,5.52,71.56,0.395,11.06,4.422,300,4.64,143.93,0.668,4.925
223,20210928,59484.83603,411.51,3.11,10.62,0.033,0.9237,0.3695,150,2.8,26.01,0.073,0.2687
224,20210928,59484.8362,411.51,7.09,189.71,1.345,37.65,15.06,400,6.46,242.76,1.567,15.41
225,20210928,59484.83629,411.51,5.22,43.49,0.227,6.354,2.542,300,4.52,87.33,0.394,2.909
226,20210928,59484.83633,411.51,8.27,50.54,0.418,11.7,4.68,300,8.01,75.95,0.609,4.488
227,20210928,59484.83634,411.51,4.39,30.78,0.135,3.779,1.511,200,4.18,75.44,0.315,1.55
228,20210928,59484.83652,411.51,10.83,10.71,0.116,3.247,1.299,200,7.57,33.45,0.253,1.245
229,20210928,59484.83653,411.51,8.89,197.66,1.757,49.18,19.67,250,8.06,468.96,3.779,23.23
230,20210928,59484.83665,411.51,2.46,8.95,0.022,0.6158,0.2463,200,3.55,20.26,0.072,0.3538
231,20210928,59484.83682,411.51,11.52,67.71,0.78,21.83,8.733,250,10.29,144.84,1.491,9.164
232,20210928,59484.83691,411.51,7.32,52.6,0.385,10.78,4.31,450,6.77,56.73,0.384,4.252
233,20210928,59484.83697,411.51,3.4,19.39,0.066,1.847,0.7389,150,3.7,47.24,0.175,0.6449
234,20210928,59484.83706,411.51,5.16,30.02,0.155,4.338,1.735,150,4.82,92.2,0.444,1.639
235,20210928,59484.83706,411.51,6.51,33.31,0.217,6.074,2.43,200,6.57,77.79,0.511,2.512
236,20210928,59484.83729,411.51,6.76,276.35,1.868,52.29,20.91,350,6.23,444.45,2.769,23.82
237,20210928,59484.83754,411.51,7.05,14.19,0.1,2.799,1.12,200,6.78,34.11,0.231,1.138
238,20210928,59484.8388,411.51,3.78,198.79,0.751,21.02,8.408,450,3.37,218.25,0.736,8.142
239,20210928,59484.83883,411.51,2.03,6.39,0.013,0.3639,0.1456,100,1.7,29.98,0.051,0.1254
240,20210928,59484.83883,411.51,2.78,7.2,0.02,0.5598,0.2239,100,4.9,34.94,0.171,0.421
241,20210928,59484.83883,411.51,2.56,14.83,0.038,1.064,0.4254,200,2.42,36.14,0.087,0.4299
242,20210928,59484.83883,411.51,8.47,126.3,1.07,29.95,11.98,300,6.24,272.49,1.7,12.54
243,20210928,59484.83915,411.51,2.55,40.41,0.103,2.883,1.153,200,2.36,92.02,0.217,1.066
244,20210928,59484.83926,411.51,4.06,10.84,0.044,1.232,0.4926,100,4.86,37.12,0.18,0.4434
245,20210928,59484.83927,411.51,2.6,9.22,0.024,0.6718,0.2687,200,3.41,17.88,0.061,0.3
246,20210928,59484.83955,411.51,8.28,312.52,2.588,72.44,28.98,500,7.51,312.39,2.347,28.85
247,20210928,59484.8399,411.51,5.8,60,0.348,9.741,3.896,350,5.47,83.1,0.454,3.911
248,20210928,59484.84035,411.51,3.53,37.93,0.134,3.751,1.5,200,3.32,101.26,0.336,1.652
249,20210928,59484.8407,411.51,4.25,72.98,0.31,8.677,3.471,300,4.28,112.27,0.481,3.547
250,20210928,59484.84074,411.51,3.36,12.21,0.041,1.148,0.459,150,2.55,31.39,0.08,0.2956
251,20210928,59484.84074,411.51,4.1,12.67,0.052,1.456,0.5822,250,3.79,24.76,0.094,0.5766
252,20210928,59484.84074,411.51,2.4,19.6,0.047,1.316,0.5262,200,2.16,50.27,0.108,0.5329
253,20210928,59484.84076,411.51,4.95,111.39,0.551,15.42,6.169,200,4.49,279.2,1.253,6.162
254,20210928,59484.84085,411.51,5.08,21.67,0.11,3.079,1.232,400,4.51,25.86,0.117,1.146
255,20210928,59484.841,411.51,7.47,124.83,0.933,26.12,10.45,200,6.49,324.44,2.106,10.35
256,20210928,59484.84128,411.51,5.41,22.75,0.123,3.443,1.377,100,5.98,90.35,0.54,1.328
257,20210928,59484.84168,411.51,6.03,94.84,0.572,16.01,6.404,250,4.63,235.81,1.092,6.712
258,20210928,59484.84168,411.51,10.69,131.58,1.407,39.38,15.75,200,9.75,352.2,3.433,16.88
259,20210928,59484.8417,411.51,6.63,12.21,0.081,2.267,0.9069,350,4.46,19.19,0.086,0.7367
260,20210928,59484.84173,411.51,3.2,98,0.314,8.789,3.516,400,2.87,117.25,0.336,3.305
261,20210928,59484.8418,411.51,6.19,53.12,0.329,9.209,3.684,450,5.58,56.96,0.318,3.517
262,20210928,59484.84199,411.51,8.66,235.75,2.041,57.13,22.85,350,5.99,443.85,2.658,22.88
263,20210928,59484.842,411.51,4.65,13.75,0.064,1.791,0.7166,200,3.95,33.68,0.133,0.6538
264,20210928,59484.84205,411.51,7.22,104.43,0.754,21.1,8.442,300,4.5,269.57,1.214,8.957
265,20210928,59484.84211,411.51,13.08,493.7,6.456,180.7,72.28,350,12.38,623.84,7.721,66.44
266,20210928,59484.84211,411.51,7.86,411.74,3.237,90.6,36.24,350,6.51,696.73,4.534,39.02
267,20210928,59484.84232,411.51,3.83,13.07,0.05,1.4,0.5598,100,3.05,60.7,0.185,0.4546
268,20210928,59484.84234,411.51,2.97,32.28,0.096,2.687,1.075,200,3.55,73.15,0.26,1.276
269,20210928,59484.84234,411.51,3.09,12.64,0.039,1.092,0.4366,100,4.9,44.99,0.22,0.5419
270,20210928,59484.84235,411.51,3.16,8.23,0.026,0.7278,0.2911,200,3.43,16.46,0.056,0.2777
271,20210928,59484.84263,411.51,3.31,62.46,0.207,5.794,2.318,300,3,121.92,0.366,2.7
272,20210928,59484.84289,411.51,11.19,520.14,5.823,163,65.2,300,7.62,1148.55,8.755,64.57
273,20210928,59484.84309,411.51,4.69,17.89,0.084,2.351,0.9405,300,3.94,26.35,0.104,0.7658
274,20210928,59484.84313,411.51,3.68,14.12,0.052,1.456,0.5822,200,3.68,32.18,0.118,0.5822
275,20210928,59484.84313,411.51,6.12,143.54,0.878,24.58,9.83,400,5.57,182.62,1.016,9.996
276,20210928,59484.84336,411.51,3.87,18.86,0.073,2.043,0.8173,150,4.05,49.01,0.199,0.7322
277,20210928,59484.84337,411.51,3.06,8.82,0.027,0.7557,0.3023,50,3.23,43.64,0.141,0.1735
278,20210928,59484.84371,411.51,7.03,13.09,0.092,2.575,1.03,200,5.08,36.39,0.185,0.9091
279,20210928,59484.84394,411.51,10.45,183.79,1.92,53.74,21.5,450,9.49,202.26,1.919,21.23
280,20210928,59484.84394,411.51,6.39,57.72,0.369,10.33,4.131,200,6.22,146.25,0.91,4.474
281,20210928,59484.84412,411.51,4.23,15.37,0.065,1.819,0.7278,200,4.02,40.14,0.161,0.7927
282,20210928,59484.84419,411.51,5.84,429.31,2.506,70.14,28.06,400,4.55,685.91,3.121,30.69
283,20210928,59484.84434,411.51,7.68,172.06,1.321,36.98,14.79,500,6.98,172.16,1.202,14.78
284,20210928,59484.84441,411.51,5.94,271.28,1.611,45.09,18.04,350,5.45,456.5,2.49,21.43
285,20210928,59484.84447,411.51,6.95,314.34,2.185,61.16,24.46,400,6.1,413,2.52,24.78
286,20210928,59484.84455,411.51,2.51,67,0.168,4.702,1.881,200,2.49,156.28,0.389,1.912
287,20210928,59484.84456,411.51,11.77,360.73,4.245,118.8,47.53,500,8.54,360.65,3.081,37.87
288,20210928,59484.84456,411.51,11.08,10.29,0.114,3.191,1.276,500,5.34,548.83,2.929,36.01
289,20210928,59484.84456,411.51,5.32,25.39,0.135,3.779,1.511,500,4.81,25.19,0.121,1.489
290,20210928,59484.84456,411.51,4.99,24.24,0.121,3.387,1.355,200,4.35,57.83,0.251,1.236
291,20210928,59484.84477,411.51,4.3,10.24,0.044,1.232,0.4926,200,2.34,25.35,0.059,0.2911
292,20210928,59484.84502,411.51,5.4,49.68,0.268,7.501,3,300,5.18,96.2,0.498,3.674
293,20210928,59484.84518,411.51,7.73,89.05,0.688,19.26,7.703,200,7.63,253.08,1.932,9.499
294,20210928,59484.84518,411.51,14.98,649.63,9.734,272.4,109,400,16.03,776,12.437,122.3
295,20210928,59484.84554,411.51,4.01,43.69,0.175,4.898,1.959,200,3.86,109.78,0.424,2.082
296,20210928,59484.84563,411.51,4.72,124.88,0.59,16.51,6.606,300,2.98,319.29,0.951,7.017
297,20210928,59484.84612,411.51,6.99,301.62,2.108,59,23.6,400,6.3,400.28,2.523,24.81
298,20210928,59484.84633,411.51,6.4,26.56,0.17,4.758,1.903,100,7.05,123.64,0.872,2.143
299,20210928,59484.84654,411.51,2.95,24.76,0.073,2.043,0.8173,200,2.67,61.15,0.163,0.8016
300,20210928,59484.84702,411.51,5.81,168.46,0.979,27.4,10.96,400,5.34,215.34,1.149,11.3
301,20210928,59484.84716,411.51,5.85,69.52,0.407,11.39,4.557,400,3.02,140.77,0.425,4.183
302,20210928,59484.84735,411.51,5.28,64.15,0.339,9.489,3.796,200,4.89,162.06,0.792,3.896
303,20210928,59484.84797,411.51,4.48,17.41,0.078,2.183,0.8733,300,4.3,29.86,0.128,0.9472
304,20210928,59484.84802,411.51,6.19,74.76,0.463,12.96,5.184,350,4.84,112.69,0.546,4.697
305,20210928,59484.84802,411.51,8.78,72.18,0.634,17.74,7.098,450,7.76,79.61,0.618,6.832
306,20210928,59484.84806,411.51,6.74,28.77,0.194,5.43,2.172,200,6.09,73.01,0.444,2.185
307,20210928,59484.84824,411.51,5.13,545.29,2.796,78.26,31.3,500,4.73,545.32,2.58,31.71
308,20210928,59484.84824,411.51,10.98,218.54,2.4,67.18,26.87,300,9.92,369.49,3.665,27.03
309,20210928,59484.84873,411.51,3.57,13.44,0.048,1.344,0.5374,250,3.3,29.25,0.097,0.5934
310,20210928,59484.84908,411.51,7.28,14.97,0.109,3.051,1.22,100,6.03,79.4,0.479,1.178
311,20210928,59484.84957,411.51,3.71,27.5,0.102,2.855,1.142,200,3.54,67.08,0.238,1.169
312,20210928,59484.84957,411.51,2.71,481.58,1.305,36.53,14.61,450,2.43,509.11,1.238,13.69
313,20210928,59484.8496,411.51,4.18,44.97,0.188,5.262,2.105,200,3.91,109.01,0.426,2.096
314,20210928,59484.84962,411.51,7.02,295.4,2.074,58.05,23.22,500,5.6,295.35,1.653,20.32
315,20210928,59484.84969,411.51,3.07,340.16,1.044,29.22,11.69,300,2.77,659.56,1.826,13.47
316,20210928,59484.85013,411.51,2.88,570.24,1.642,45.96,18.38,250,2.62,1388.76,3.643,22.39
317,20210928,59484.85043,411.51,6.34,54.12,0.343,9.601,3.84,300,5.46,123.83,0.677,4.991
318,20210928,59484.85043,411.51,5.04,19.43,0.098,2.743,1.097,250,5.6,46,0.258,1.584
319,20210928,59484.85043,411.51,16.21,97.26,1.577,44.14,17.66,300,15.06,231.56,3.488,25.73
320,20210928,59484.85061,411.51,3.04,404.14,1.229,34.4,13.76,400,2.71,487.5,1.319,12.97
321,20210928,59484.85066,411.51,13.19,37.08,0.489,13.69,5.475,300,12.35,69.29,0.856,6.31
322,20210928,59484.85066,411.51,4.14,11.6,0.048,1.344,0.5374,100,6.89,45.47,0.313,0.7703
323,20210928,59484.85084,411.51,10.11,120.62,1.219,34.12,13.65,500,9.26,120.65,1.118,13.74
324,20210928,59484.8513,411.51,7.2,249.16,1.794,50.21,20.09,250,6.58,587.75,3.87,23.79
325,20210928,59484.85153,411.51,3.17,9.47,0.03,0.8397,0.3359,100,3.21,24.37,0.078,0.1926
326,20210928,59484.85197,411.51,5.62,174.13,0.979,27.4,10.96,300,5.13,331.61,1.7,12.54
327,20210928,59484.85213,411.51,2,5,0.01,0.2799,0.112,50,2.87,77.33,0.222,0.2732
328,20210928,59484.85234,411.51,6.08,53.46,0.325,9.097,3.639,200,5.62,134.66,0.757,3.722
329,20210928,59484.85253,411.51,9.86,290.45,2.865,80.19,32.08,400,7.41,458.15,3.397,33.4
330,20210928,59484.85253,411.51,5.17,111.56,0.577,16.15,6.46,200,4.56,305.76,1.395,6.861
331,20210928,59484.85267,411.51,4.41,7.71,0.034,0.9517,0.3807,50,5.48,41.52,0.228,0.2799
332,20210928,59484.853,411.51,11.7,157.49,1.843,51.59,20.63,450,10.64,173.91,1.85,20.46
333,20210928,59484.85309,411.51,3.54,18.36,0.065,1.819,0.7278,150,3.24,62.68,0.203,0.749
334,20210928,59484.85311,411.51,7.89,398.52,3.144,88,35.2,500,7.41,398.66,2.955,36.32
335,20210928,59484.85469,411.51,9.47,480.26,4.547,127.3,50.91,350,7.53,720.57,5.427,46.7
336,20210928,59484.8547,411.51,4.62,17.73,0.082,2.295,0.9181,200,5.28,34.83,0.184,0.9046
337,20210928,59484.85471,411.51,4.22,8.76,0.037,1.036,0.4142,100,3.71,36.57,0.136,0.3336
338,20210928,59484.85513,411.51,6.28,19.43,0.122,3.415,1.366,400,6.03,24.46,0.148,1.451
339,20210928,59484.85517,411.51,7.13,210.35,1.5,41.98,16.79,350,6.41,344.22,2.207,18.99
340,20210929,59485.78409,412.55,4.14,12.79,0.053,1.483,0.5934,200,4.54,28.69,0.13,0.6404
341,20210929,59485.7843,412.55,5.67,57.7,0.327,9.153,3.661,400,5.06,76.33,0.386,3.798
342,20210929,59485.7843,412.55,8.18,27.88,0.228,6.382,2.553,150,7.75,77.32,0.599,2.21
343,20210929,59485.7843,412.55,15.91,94.41,1.502,42.04,16.82,300,12.85,205.93,2.645,19.51
344,20210929,59485.78439,412.55,3.21,25.83,0.083,2.323,0.9293,350,2.81,39.27,0.11,0.9483
345,20210929,59485.78444,412.55,3.69,18.95,0.07,1.959,0.7837,200,2.98,40.01,0.119,0.5867
346,20210929,59485.78444,412.55,11.64,167.25,1.947,54.5,21.8,350,7.71,316.59,2.442,21.02
347,20210929,59485.78444,412.55,3.46,33.22,0.115,3.219,1.288,250,3.39,75.31,0.255,1.567
348,20210929,59485.78445,412.55,6.01,40.95,0.246,6.886,2.754,150,6.26,107.32,0.672,2.479
349,20210929,59485.78454,412.55,2.52,60.25,0.152,4.254,1.702,350,2.35,86.99,0.204,1.756
350,20210929,59485.78456,412.55,4.04,22.53,0.091,2.547,1.019,300,3.62,29.47,0.107,0.786
351,20210929,59485.78477,412.55,9.31,163.98,1.526,42.71,17.08,450,6.15,240.82,1.482,16.39
352,20210929,59485.78498,412.55,1.13,15.88,0.018,0.5038,0.2015,150,2.11,27.69,0.058,0.215
353,20210929,59485.78508,412.55,9.7,63.42,0.615,17.21,6.886,200,9.12,154.51,1.409,6.928
354,20210929,59485.78515,412.55,3.51,90.6,0.318,8.901,3.56,400,3.28,110.02,0.361,3.547
355,20210929,59485.78516,412.55,2.89,913.29,2.639,73.87,29.55,500,2.62,913.06,2.395,29.44
356,20210929,59485.78516,412.55,7.7,357.69,2.754,77.08,30.83,500,7,357.44,2.504,30.78
357,20210929,59485.78527,412.55,5.99,214.9,1.287,36.02,14.41,500,5.46,214.82,1.172,14.41
358,20210929,59485.78533,412.55,5.73,31.27,0.179,5.01,2.004,200,5.1,78.28,0.399,1.962
359,20210929,59485.78541,412.55,4.83,18,0.087,2.435,0.9741,200,3.29,32.66,0.107,0.5284
360,20210929,59485.78552,412.55,5.12,17.56,0.09,2.519,1.008,200,4.6,45.33,0.209,1.026
361,20210929,59485.78553,412.55,3.27,169.33,0.554,15.51,6.203,400,2.98,219.8,0.655,6.44
362,20210929,59485.78553,412.55,3.96,12.12,0.048,1.344,0.5374,200,2.75,41.79,0.115,0.5643
363,20210929,59485.78553,412.55,5.55,50.82,0.282,7.893,3.157,300,5.14,107.6,0.553,4.078
364,20210929,59485.78567,412.55,8.14,190.17,1.548,43.33,17.33,450,7.41,202.98,1.505,16.65
365,20210929,59485.78593,412.55,6.12,426.61,2.61,73.06,29.22,300,5.86,670.45,3.932,29
366,20210929,59485.78593,412.55,10.2,38.54,0.393,11,4.4,300,6.79,83.68,0.568,4.19
367,20210929,59485.78593,412.55,4.52,31.17,0.141,3.947,1.579,200,4.02,76.1,0.306,1.505
368,20210929,59485.78595,412.55,1.64,22.53,0.037,1.036,0.4142,200,1.32,39.44,0.052,0.2553
369,20210929,59485.78595,412.55,2.86,10.82,0.031,0.8677,0.3471,300,2.85,20.16,0.057,0.4232
370,20210929,59485.78613,412.55,4.39,81.78,0.359,10.05,4.019,200,4.24,208.84,0.886,4.358
371,20210929,59485.78635,412.55,7.12,86.56,0.616,17.24,6.897,500,6.49,86.62,0.562,6.908
372,20210929,59485.78667,412.55,2.3,23.5,0.054,1.511,0.6046,450,1.84,25.2,0.046,0.5139
373,20210929,59485.78667,412.55,2.5,19.6,0.049,1.372,0.5486,200,2.72,31.11,0.085,0.4165
374,20210929,59485.78667,412.55,2.4,21.65,0.052,1.456,0.5822,250,2.91,38.54,0.112,0.6886
375,20210929,59485.78668,412.55,3.7,16.21,0.06,1.679,0.6718,150,4.79,36.88,0.177,0.6516
376,20210929,59485.78668,412.55,2.77,13.7,0.038,1.064,0.4254,200,2.32,31.04,0.072,0.3538
377,20210929,59485.78668,412.55,5.14,276.75,1.422,39.8,15.92,250,4.55,663.82,3.023,18.58
378,20210929,59485.78676,412.55,7.21,33.4,0.241,6.746,2.698,350,6.61,43.43,0.287,2.469
379,20210929,59485.78714,412.55,4.18,14.13,0.059,1.651,0.6606,100,3.17,66.04,0.209,0.515
380,20210929,59485.78737,412.55,11.1,47.49,0.527,14.75,5.9,200,9.16,123.4,1.13,5.558
381,20210929,59485.78737,412.55,2.74,14.26,0.039,1.092,0.4366,100,4.87,43.61,0.212,0.5217
382,20210929,59485.7875,412.55,3.3,22.72,0.075,2.099,0.8397,150,3.86,54.76,0.211,0.7792
383,20210929,59485.78758,412.55,2.05,26.37,0.054,1.511,0.6046,250,1.91,42.39,0.081,0.4982
384,20210929,59485.78758,412.55,3.4,288.24,0.98,27.43,10.97,500,3.05,288.06,0.878,10.79
385,20210929,59485.78759,412.55,7.26,72.55,0.527,14.75,5.9,300,6.64,145.22,0.965,7.114
386,20210929,59485.78764,412.55,8.72,114.07,0.995,27.85,11.14,350,8.11,158.41,1.285,11.06
387,20210929,59485.78764,412.55,3.03,15.19,0.046,1.288,0.515,200,2.41,41.98,0.101,0.4971
388,20210929,59485.78764,412.55,9.68,21.48,0.208,5.822,2.329,250,9.13,51.75,0.473,2.905
389,20210929,59485.78787,412.55,5.02,374.99,1.882,52.68,21.07,400,4.53,468.15,2.119,20.84
390,20210929,59485.78793,412.55,3.27,46.74,0.153,4.282,1.713,200,3.18,113.53,0.362,1.778
391,20210929,59485.78794,412.55,4.68,29.48,0.138,3.863,1.545,150,5.25,81.59,0.428,1.579
392,20210929,59485.78794,412.55,2.98,12.42,0.037,1.036,0.4142,100,2.09,57.53,0.12,0.2956
393,20210929,59485.78797,412.55,4.92,17.9,0.088,2.463,0.9853,250,3.5,41.32,0.145,0.8901
394,20210929,59485.78797,412.55,5.1,189.12,0.964,26.98,10.79,350,5.12,265.72,1.359,11.7
395,20210929,59485.78803,412.55,4.16,99.97,0.416,11.64,4.658,200,3.84,252.16,0.969,4.765
396,20210929,59485.78822,412.55,5.42,18.08,0.098,2.743,1.097,200,4.95,44.72,0.221,1.088
397,20210929,59485.78843,412.55,3.51,47.31,0.166,4.646,1.858,200,3.07,91.37,0.281,1.379
398,20210929,59485.78843,412.55,2.7,20.77,0.056,1.567,0.627,300,2.83,32.46,0.092,0.6785
399,20210929,59485.78847,412.55,5.36,88.58,0.475,13.3,5.318,500,4.91,88.36,0.434,5.329
400,20210929,59485.78854,412.55,8.15,210.76,1.718,48.09,19.24,500,7.41,210.48,1.559,19.17
401,20210929,59485.78864,412.55,4.36,133.13,0.58,16.23,6.494,300,3.95,208.21,0.822,6.059
402,20210929,59485.78864,412.55,9.61,72.39,0.696,19.48,7.792,250,9.07,124.48,1.128,6.936
403,20210929,59485.78879,412.55,4.88,29.93,0.146,4.087,1.635,350,4.42,39.96,0.177,1.52
404,20210929,59485.78893,412.55,2.37,10.96,0.026,0.7278,0.2911,200,1.89,26.05,0.049,0.2418
405,20210929,59485.78895,412.55,4.01,47.93,0.192,5.374,2.15,200,3.62,120.16,0.434,2.136
406,20210929,59485.78905,412.55,1.87,10.68,0.02,0.5598,0.2239,200,2.67,28.97,0.077,0.3807
407,20210929,59485.78905,412.55,3.77,32.1,0.121,3.387,1.355,400,3.05,36.7,0.112,1.102
408,20210929,59485.78911,412.55,2.24,409.89,0.918,25.7,10.28,400,1.99,514.27,1.026,10.08
409,20210929,59485.78929,412.55,10.52,247.06,2.6,72.78,29.11,450,10.4,265.17,2.758,30.51
410,20210929,59485.78942,412.55,4.54,71.42,0.324,9.069,3.628,300,4.31,141.62,0.61,4.501
411,20210929,59485.78952,412.55,14.24,163.15,2.324,65.05,26.02,450,12.15,179.72,2.184,24.16
412,20210929,59485.7896,412.55,5.2,34.99,0.182,5.094,2.038,250,4.28,57.66,0.247,1.517
413,20210929,59485.7896,412.55,6.61,107.32,0.709,19.84,7.938,450,5.99,119.46,0.715,7.91
414,20210929,59485.78988,412.55,6.25,262.59,1.641,45.93,18.37,450,5.73,288.63,1.653,18.29
415,20210929,59485.78991,412.55,3.28,29.26,0.096,2.687,1.075,250,2.96,60.85,0.18,1.108
416,20210929,59485.78999,412.55,3.78,29.66,0.112,3.135,1.254,200,3.42,68.09,0.233,1.146
417,20210929,59485.79,412.55,4.16,472.85,1.967,55.06,22.02,450,3.85,509.89,1.965,21.74
418,20210929,59485.79017,412.55,4.1,16.83,0.069,1.931,0.7725,250,2.55,33.92,0.087,0.5318
419,20210929,59485.79017,412.55,7.19,110.04,0.791,22.14,8.856,500,6.55,110.47,0.724,8.901
420,20210929,59485.79017,412.55,5.71,39.07,0.223,6.242,2.497,200,5.73,95,0.545,2.678
421,20210929,59485.79019,412.55,5.15,51.68,0.266,7.445,2.978,400,4.67,67.32,0.314,3.09
422,20210929,59485.7902,412.55,10.7,139.35,1.491,41.73,16.69,500,9.79,139.43,1.365,16.78
423,20210929,59485.7902,412.55,3.57,14.3,0.051,1.428,0.571,150,3.49,26.38,0.092,0.3392
424,20210929,59485.7902,412.55,4.93,162.19,0.8,22.39,8.957,350,4.62,258.75,1.195,10.28
425,20210929,59485.79038,412.55,4.79,26.11,0.125,3.499,1.4,150,4.63,75.47,0.35,1.29
426,20210929,59485.79038,412.55,12.43,181.85,2.26,63.26,25.3,400,8.54,294.06,2.511,24.7
427,20210929,59485.79038,412.55,3.8,67.18,0.255,7.138,2.855,200,3.52,174.63,0.614,3.018
428,20210929,59485.79039,412.55,8.31,70.63,0.587,16.43,6.572,250,7.77,161.19,1.252,7.697
429,20210929,59485.79041,412.55,4.07,121.62,0.495,13.86,5.542,300,3.56,248.16,0.883,6.516
430,20210929,59485.79069,412.55,3.66,43.96,0.161,4.506,1.802,300,3.95,64.86,0.256,1.888
431,20210929,59485.79077,412.55,8.3,67.37,0.559,15.65,6.259,500,7.58,67.4,0.511,6.281
432,20210929,59485.79128,412.55,3.26,28.79,0.094,2.631,1.052,300,2.57,55.9,0.144,1.061
433,20210929,59485.79129,412.55,6.08,37.64,0.229,6.41,2.564,250,5.59,85.12,0.475,2.922
434,20210929,59485.79144,412.55,2.36,39.77,0.094,2.631,1.052,200,2.01,72.85,0.147,0.721
435,20210929,59485.79144,412.55,6.31,67.98,0.429,12.01,4.803,250,6.01,153.72,0.924,5.681
436,20210929,59485.79147,412.55,9.97,175.6,1.75,48.98,19.59,400,8.56,225.89,1.934,19.02
437,20210929,59485.79152,412.55,5.05,148.98,0.752,21.05,8.42,500,4.61,149.18,0.688,8.453
438,20210929,59485.79152,412.55,4.13,137.32,0.567,15.87,6.348,500,3.75,137.31,0.516,6.337
439,20210929,59485.79173,412.55,7.06,29.32,0.207,5.794,2.318,150,5.63,86.39,0.486,1.792
440,20210929,59485.79174,412.55,6.81,149.5,1.018,28.49,11.4,500,6.18,149.69,0.925,11.38
441,20210929,59485.79174,412.55,6.63,311.81,2.068,57.88,23.15,500,5.88,312.03,1.836,22.57
442,20210929,59485.7918,412.55,14.85,150.12,2.229,62.39,24.96,300,13.93,241.27,3.36,24.78
443,20210929,59485.79214,412.55,4.24,16.97,0.072,2.015,0.8061,200,2.01,41.65,0.084,0.412
444,20210929,59485.79214,412.55,5.12,14.26,0.073,2.043,0.8173,250,3.95,21,0.083,0.5094
445,20210929,59485.7924,412.55,2.84,237.54,0.675,18.89,7.557,450,2.53,254.76,0.645,7.134
446,20210929,59485.7924,412.55,3.17,16.08,0.051,1.428,0.571,200,3.49,33.66,0.117,0.5777
447,20210929,59485.79254,412.55,4.54,261.18,1.187,33.22,13.29,400,4.08,310.57,1.269,12.48
448,20210929,59485.79259,412.55,3.53,18.99,0.067,1.875,0.7501,200,3.92,44.1,0.173,0.8509
449,20210929,59485.79259,412.55,3.56,37.33,0.133,3.723,1.489,200,3.39,93.96,0.319,1.567
450,20210929,59485.79305,412.55,5.46,415.08,2.266,63.43,25.37,400,4.89,523.57,2.56,25.17
451,20210929,59485.79312,412.55,5.21,202.42,1.055,29.53,11.81,250,4.67,480.82,2.245,13.8
452,20210929,59485.79313,412.55,8.62,14.5,0.125,3.499,1.4,200,7.66,38.01,0.291,1.431
453,20210929,59485.79321,412.55,3.81,19.95,0.076,2.127,0.8509,200,3.17,50.62,0.16,0.7882
454,20210929,59485.79323,412.55,8.9,20.22,0.18,5.038,2.015,150,7.4,50.81,0.376,1.387
455,20210929,59485.79326,412.55,3.86,16.32,0.063,1.763,0.7054,350,3.8,14.88,0.056,0.4859
456,20210929,59485.79326,412.55,5.48,210.74,1.155,32.33,12.93,500,5.02,210.84,1.058,13.01
457,20210929,59485.79326,412.55,4.21,41.36,0.174,4.87,1.948,200,4.33,99.7,0.432,2.123
458,20210929,59485.79331,412.55,8.15,261.9,2.134,59.73,23.89,500,7.41,261.97,1.94,23.85
459,20210929,59485.79332,412.55,3.45,150.05,0.518,14.5,5.8,500,3.21,150,0.481,5.912
460,20210929,59485.79334,412.55,4.86,45.29,0.22,6.158,2.463,250,4.91,112.47,0.552,3.392
461,20210929,59485.79334,412.55,6.02,104.3,0.628,17.58,7.031,250,5.76,243.28,1.401,8.61
462,20210929,59485.79349,412.55,2.33,8.6,0.02,0.5598,0.2239,200,2.34,12.44,0.029,0.1433
463,20210929,59485.79352,412.55,1.93,101.8,0.196,5.486,2.194,450,1.75,109.5,0.191,2.116
464,20210929,59485.79401,412.55,4.97,12.48,0.062,1.735,0.6942,100,5.24,46.72,0.245,0.6024
465,20210929,59485.7941,412.55,4.17,9.59,0.04,1.12,0.4478,100,4.36,39.29,0.171,0.421
466,20210929,59485.79453,412.55,3.22,350.5,1.129,31.6,12.64,350,2.49,736.62,1.833,15.77
467,20210929,59485.79462,412.55,6.26,19.64,0.123,3.443,1.377,250,6.33,38.13,0.241,1.483
468,20210929,59485.79466,412.55,4.76,76.2,0.363,10.16,4.064,300,4.13,122.34,0.505,3.728
469,20210929,59485.79471,412.55,4.93,26.15,0.129,3.611,1.444,200,4.62,64.21,0.297,1.46
470,20210929,59485.79479,412.55,11.99,105.2,1.261,35.3,14.12,500,5.68,202.89,1.152,14.16
471,20210929,59485.79479,412.55,2.78,28.82,0.08,2.239,0.8957,450,2.46,31.08,0.077,0.8464
472,20210929,59485.79479,412.55,3.13,113.76,0.356,9.964,3.986,250,2.8,266.22,0.745,4.577
473,20210929,59485.79497,412.55,8.96,165.02,1.479,41.4,16.56,250,8.11,399.81,3.244,19.94
474,20210929,59485.79499,412.55,2.8,22.14,0.062,1.735,0.6942,200,2.68,42.87,0.115,0.5643
475,20210929,59485.79532,412.55,2.53,39.52,0.1,2.799,1.12,200,2.22,125.11,0.278,1.366
476,20210929,59485.79532,412.55,14.35,156.62,2.248,62.92,25.17,250,13.17,422.79,5.569,34.23
477,20210929,59485.79538,412.55,7.51,88.72,0.666,18.64,7.457,350,6.57,155.29,1.02,8.78
478,20210929,59485.79538,412.55,10.44,239.67,2.502,70.03,28.01,350,9.34,431.1,4.025,34.63
479,20210929,59485.79542,412.55,6.18,151.65,0.937,26.23,10.49,400,5.58,178.84,0.997,9.808
480,20210929,59485.79544,412.55,2.85,22.49,0.064,1.791,0.7166,150,2.66,61.57,0.164,0.6046
481,20210929,59485.79549,412.55,8,20.25,0.162,4.534,1.814,200,7.52,51.84,0.39,1.918
482,20210929,59485.79549,412.55,6.8,107.53,0.731,20.46,8.184,200,6.4,261.58,1.675,8.236
483,20210929,59485.79564,412.55,3.86,14,0.054,1.511,0.6046,300,2.91,22.54,0.066,0.4837
484,20210929,59485.79566,412.55,4.68,542.62,2.539,71.07,28.43,400,4.46,638.3,2.845,27.98
485,20210929,59485.79571,412.55,3.06,26.45,0.081,2.267,0.9069,300,2.61,40.42,0.106,0.7792
486,20210929,59485.79581,412.55,7.54,68.01,0.513,14.36,5.744,450,6.84,69.86,0.478,5.29
487,20210929,59485.79585,412.55,4.47,44.93,0.201,5.626,2.25,250,4.17,100.58,0.419,2.575
488,20210929,59485.79587,412.55,5.24,64.56,0.338,9.461,3.784,350,4.96,76.95,0.382,3.286
489,20210929,59485.79589,412.55,2.65,79.65,0.211,5.906,2.362,450,2.36,87.37,0.206,2.277
490,20210929,59485.79604,412.55,7.81,69.24,0.541,15.14,6.057,300,6.55,143.87,0.943,6.953
491,20210929,59485.7962,412.55,2.19,32.87,0.072,2.015,0.8061,400,2.43,38.67,0.094,0.9226
492,20210929,59485.7962,412.55,11.59,333.39,3.863,108.1,43.25,450,10.67,369.44,3.942,43.61
493,20210929,59485.79628,412.55,9.4,162.16,1.525,42.68,17.07,400,6.13,239.13,1.465,14.41
494,20210929,59485.79672,412.55,3.72,171.24,0.637,17.83,7.132,400,3.49,208.89,0.729,7.166
495,20210929,59485.79672,412.55,3.03,10.55,0.032,0.8957,0.3583,100,2.39,35.46,0.085,0.2082
496,20210929,59485.79672,412.55,4.21,11.89,0.05,1.4,0.5598,250,2.69,22.32,0.06,0.3695
497,20210929,59485.79678,412.55,4.48,13.85,0.062,1.735,0.6942,300,4.17,19.21,0.08,0.5912
498,20210929,59485.79701,412.55,8.73,33.79,0.295,8.257,3.303,200,6.79,77.78,0.528,2.598
499,20210929,59485.79717,412.55,6.13,170.04,1.043,29.19,11.68,350,5.2,253.08,1.315,11.31
500,20210929,59485.79717,412.55,3.95,947.89,3.74,104.7,41.87,500,3.84,948.06,3.643,44.78
501,20210929,59485.79717,412.55,13.33,53.17,0.709,19.84,7.938,250,7.08,134.17,0.949,5.835
502,20210929,59485.79718,412.55,12,72.82,0.874,24.46,9.785,200,10.99,180.06,1.979,9.732
503,20210929,59485.79723,412.55,5.22,91.02,0.475,13.3,5.318,450,4.66,96.37,0.449,4.968
504,20210929,59485.79723,412.55,4.24,22.88,0.097,2.715,1.086,200,3.85,52.56,0.202,0.9942
505,20210929,59485.79739,412.55,3.64,17.59,0.064,1.791,0.7166,200,3.48,36.36,0.127,0.6225
506,20210929,59485.79752,412.55,6.62,151.1,1.001,28.02,11.21,350,5.07,313.89,1.591,13.69
507,20210929,59485.79769,412.55,2.59,120.98,0.313,8.761,3.504,350,2.1,183.04,0.385,3.315
508,20210929,59485.79769,412.55,9.81,76.46,0.75,20.99,8.397,400,9.17,99.13,0.909,8.939
509,20210929,59485.79778,412.55,8.19,26.99,0.221,6.186,2.474,200,6.19,72.3,0.447,2.199
510,20210929,59485.79782,412.55,3.97,25.18,0.1,2.799,1.12,350,4,28.46,0.114,0.9797
511,20210929,59485.79796,412.55,3.56,15.44,0.055,1.539,0.6158,200,3.52,25.07,0.088,0.4344
512,20210929,59485.79799,412.55,4.44,264.23,1.173,32.83,13.13,300,3.95,443.43,1.752,12.92
513,20210929,59485.7981,412.55,5.85,12.31,0.072,2.015,0.8061,100,6.42,37.17,0.239,0.5867
514,20210929,59485.79818,412.55,3.46,24.28,0.084,2.351,0.9405,150,3.35,38.85,0.13,0.4803
515,20210929,59485.79831,412.55,4.38,13.69,0.06,1.679,0.6718,300,3.9,20.09,0.078,0.5777
516,20210929,59485.79836,412.55,2.13,13.16,0.028,0.7837,0.3135,100,3.64,43.51,0.158,0.3896
517,20210929,59485.79836,412.55,4.29,13.99,0.06,1.679,0.6718,200,2.25,44.84,0.101,0.4971
518,20210929,59485.79836,412.55,6.48,79.91,0.518,14.5,5.8,200,5.95,203.83,1.212,5.961
519,20210929,59485.79845,412.55,7.39,44.22,0.327,9.153,3.661,300,7.19,73.5,0.528,3.896
520,20210929,59485.7985,412.55,1.51,9.26,0.014,0.3919,0.1567,50,1.4,29.93,0.042,0.0515
521,20210929,59485.7985,412.55,2.07,10.64,0.022,0.6158,0.2463,50,2.79,43.11,0.12,0.1478
522,20210929,59485.79872,412.55,9.04,144.65,1.308,36.61,14.64,200,8.23,373.14,3.072,15.1
523,20210929,59485.79888,412.55,2.53,14.25,0.036,1.008,0.4031,200,2.91,25.66,0.075,0.3672
524,20210929,59485.79909,412.55,4.95,385.62,1.909,53.43,21.37,500,4.55,385.62,1.756,21.59
525,20210929,59485.79913,412.55,3.97,20.89,0.083,2.323,0.9293,200,4.04,52.1,0.21,1.034
526,20210929,59485.79939,412.55,5.31,135.89,0.721,20.18,8.072,300,4.46,222.1,0.99,7.3
527,20210929,59485.79939,412.55,4.2,57.12,0.24,6.718,2.687,200,3.84,135.79,0.521,2.562
528,20210929,59485.79946,412.55,5.44,10.67,0.058,1.623,0.6494,200,4.65,25.44,0.118,0.5822
529,20210929,59485.7995,412.55,2.25,26.23,0.059,1.651,0.6606,200,1.69,58.82,0.099,0.4882
530,20210929,59485.79958,412.55,3.29,13.67,0.045,1.26,0.5038,200,4.1,24.86,0.102,0.5016
531,20210929,59485.7997,412.55,4.08,115.2,0.47,13.16,5.262,350,3.9,164.2,0.641,5.517
532,20210929,59485.79989,412.55,2.46,31.69,0.078,2.183,0.8733,200,2.82,68.56,0.193,0.9494
533,20210929,59485.79998,412.55,3.7,27.3,0.101,2.827,1.131,300,2.79,44.78,0.125,0.9203
534,20210929,59485.80009,412.55,4.94,28.13,0.139,3.891,1.556,350,4.98,42.06,0.209,1.802
535,20210929,59485.80027,412.55,4.83,62.3,0.301,8.425,3.37,250,4.39,131.97,0.58,3.564
536,20210929,59485.8003,412.55,12.72,214.34,2.727,76.33,30.53,450,8.63,326.13,2.815,31.14
537,20210929,59485.80036,412.55,6.19,207.61,1.285,35.97,14.39,300,5.69,442.43,2.518,18.57
538,20210929,59485.80048,412.55,2.56,39.43,0.101,2.827,1.131,250,2.25,66.02,0.148,0.9125
539,20210929,59485.80048,412.55,7.88,52.15,0.411,11.5,4.602,200,7.2,136.41,0.983,4.832
540,20210929,59485.80055,412.55,4.19,18.4,0.077,2.155,0.8621,250,3.57,29.11,0.104,0.6382
541,20210929,59485.80055,412.55,7.7,172.83,1.33,37.23,14.89,350,7.4,234.09,1.733,14.91
542,20210929,59485.80055,412.55,5.01,63.69,0.319,8.929,3.572,200,4.59,164.02,0.753,3.704
543,20210929,59485.80068,412.55,4.58,31.64,0.145,4.059,1.623,500,3.96,31.71,0.126,1.545
544,20210929,59485.8007,412.55,9.89,29.73,0.294,8.229,3.292,300,7.2,45.57,0.328,2.418
545,20210929,59485.80083,412.55,4.48,22.33,0.1,2.799,1.12,350,3.54,30.87,0.109,0.9405
546,20210929,59485.80102,412.55,7.24,90.99,0.659,18.44,7.378,400,6.84,115.96,0.793,7.801
547,20210929,59485.80102,412.55,5.86,24.73,0.145,4.059,1.623,350,5.39,26.52,0.143,1.23
548,20210929,59485.80102,412.55,6.42,129.73,0.833,23.32,9.326,250,5.83,319.03,1.86,11.43
549,20210929,59485.80102,412.55,6.78,87.35,0.592,16.57,6.628,250,6.35,204.56,1.299,7.983
550,20210929,59485.80107,412.55,7.35,321.3,2.361,66.08,26.43,350,5.73,846.86,4.85,41.73
551,20210929,59485.80107,412.55,10.99,49.58,0.545,15.25,6.102,200,9.67,189.88,1.837,9.033
552,20210929,59485.80107,412.55,10,69.53,0.695,19.45,7.781,200,8.75,212.59,1.861,9.15
553,20210929,59485.80107,412.55,5.24,211.57,1.109,31.04,12.42,200,4.75,637.59,3.026,14.88
554,20210929,59485.80107,412.55,6.09,31.99,0.195,5.458,2.183,150,6.17,112.45,0.694,2.559
555,20210929,59485.80123,412.55,12.03,321.85,3.871,108.4,43.34,500,10.95,322.12,3.528,43.37
556,20210929,59485.80124,412.55,2.89,43.3,0.125,3.499,1.4,400,2.44,48.53,0.118,1.164
557,20210929,59485.80126,412.55,6.4,30.48,0.195,5.458,2.183,350,5.5,45.03,0.248,2.132
558,20210929,59485.80126,412.55,11.62,74.37,0.864,24.18,9.673,300,8.83,166.76,1.472,10.86
559,20210929,59485.80126,412.55,5.27,22.94,0.121,3.387,1.355,200,4.44,65.79,0.292,1.435
560,20210929,59485.80129,412.55,4.06,30.07,0.122,3.415,1.366,300,3.32,57.29,0.19,1.402
561,20210929,59485.80147,412.55,5.62,7.65,0.043,1.204,0.4814,300,4.14,16.07,0.066,0.4904
562,20210929,59485.80166,412.55,3.91,447.56,1.748,48.93,19.57,300,2.58,537.89,1.387,10.23
563,20210929,59485.80168,412.55,2.78,16.16,0.045,1.26,0.5038,250,2.66,16.8,0.045,0.2743
564,20210929,59485.80168,412.55,3,11.99,0.036,1.008,0.4031,150,3.35,36.43,0.122,0.4501
565,20210929,59485.80168,412.55,4,95.26,0.381,10.66,4.266,400,3.65,113.67,0.414,4.075
566,20210929,59485.80168,412.55,1.73,6.36,0.011,0.3079,0.1232,100,1.04,16.59,0.017,0.04254
567,20210929,59485.80168,412.55,5.61,12.47,0.07,1.959,0.7837,200,4.5,24.88,0.112,0.5508
568,20210929,59485.80176,412.55,6.45,167.27,1.079,30.2,12.08,250,5.85,398.31,2.329,14.31
569,20210929,59485.80191,412.55,3.19,354.01,1.129,31.6,12.64,500,2.88,353.44,1.017,12.51
570,20210929,59485.80191,412.55,4.74,417.93,1.981,55.45,22.18,450,4.33,446.8,1.933,21.38
571,20210929,59485.80197,412.55,4,88.5,0.354,9.909,3.963,250,3.86,207.81,0.802,4.932
572,20210929,59485.80202,412.55,7.78,41.89,0.326,9.125,3.65,300,6.42,66.36,0.426,3.142
573,20210929,59485.80202,412.55,7.65,11.9,0.091,2.547,1.019,200,4.76,30.83,0.147,0.721
574,20210929,59485.80211,412.55,11.91,111.27,1.325,37.09,14.83,450,6.12,190.19,1.164,12.88
575,20210929,59485.80214,412.55,6.62,14.66,0.097,2.715,1.086,100,5.34,77.94,0.416,1.023
576,20210929,59485.80236,412.55,10.29,238.77,2.457,68.77,27.51,500,6.9,238.92,1.648,20.25
577,20210929,59485.80236,412.55,4.31,34.34,0.148,4.142,1.657,200,3.98,83.22,0.332,1.63
578,20210929,59485.80239,412.55,13.64,368.74,5.03,140.8,56.32,500,12.05,368.39,4.439,54.56
579,20210929,59485.80252,412.55,3.65,41.59,0.152,4.254,1.702,400,3.29,51.26,0.168,1.657
580,20210929,59485.80254,412.55,6.24,52.26,0.326,9.125,3.65,400,5.66,56.95,0.322,3.171
581,20210929,59485.80267,412.55,12.63,299.02,3.778,105.7,42.3,400,10.34,381.13,3.941,38.76
582,20210929,59485.80267,412.55,4.59,74.74,0.343,9.601,3.84,300,4.13,122.76,0.507,3.74
583,20210929,59485.80268,412.55,2.47,36.8,0.091,2.547,1.019,350,2.27,48.07,0.109,0.9405
584,20210929,59485.80277,412.55,3.16,83.19,0.263,7.361,2.944,450,2.86,88.36,0.252,2.791
585,20210929,59485.80277,412.55,5.61,15.34,0.086,2.407,0.9629,200,4.52,42.13,0.19,0.936
586,20210929,59485.80277,412.55,5.53,27.11,0.15,4.198,1.679,200,5.76,61.95,0.357,1.756
587,20210929,59485.80277,412.55,5.54,68.09,0.377,10.55,4.221,200,5.12,172.24,0.882,4.335
588,20210929,59485.8028,412.55,3.79,35.06,0.133,3.723,1.489,250,3.72,73.43,0.273,1.679
589,20210929,59485.8029,412.55,3.74,71.67,0.268,7.501,3,200,3.57,170.95,0.61,3
590,20210929,59485.80327,412.55,3.74,104.78,0.392,10.97,4.389,300,3.58,212.5,0.761,5.609
591,20210929,59485.80327,412.55,3.88,11.61,0.045,1.26,0.5038,100,3.32,38.96,0.129,0.318
592,20210929,59485.80327,412.55,4.84,11.37,0.055,1.539,0.6158,200,5,26.07,0.13,0.6404
593,20210929,59485.80351,412.55,4.35,17.95,0.078,2.183,0.8733,100,3.36,89.52,0.301,0.7389
594,20210929,59485.8037,412.55,7.53,165.36,1.245,34.85,13.94,300,6.73,337.33,2.271,16.75
595,20210929,59485.80389,412.55,3.99,25.31,0.101,2.827,1.131,150,3.75,77.72,0.291,1.074
596,20210929,59485.80391,412.55,7.58,27.95,0.212,5.934,2.374,350,5.87,39.51,0.232,1.996
597,20210929,59485.804,412.55,3.1,27.38,0.085,2.379,0.9517,200,2.53,53.31,0.135,0.6628
598,20210929,59485.80408,412.55,2.88,132.08,0.38,10.64,4.254,400,2.6,155.04,0.403,3.959
599,20210929,59485.80409,412.55,3.49,581.97,2.031,56.85,22.74,500,3.17,581.96,1.844,22.67
600,20210929,59485.80414,412.55,4.13,29.09,0.12,3.359,1.344,350,3.75,39.34,0.148,1.27
601,20210929,59485.80414,412.55,9.18,35.74,0.328,9.181,3.672,200,9.41,84.72,0.797,3.919
602,20210929,59485.80415,412.55,4.78,86.91,0.415,11.62,4.646,500,4.31,87.02,0.375,4.613
603,20210929,59485.80415,412.55,5.73,88.52,0.507,14.19,5.676,500,5.23,88.7,0.464,5.699
604,20210929,59485.80428,412.55,7.43,145.36,1.08,30.23,12.09,400,6.94,177.02,1.229,12.08
605,20210929,59485.80428,412.55,8.5,18.47,0.157,4.394,1.758,300,7.04,29.58,0.208,1.536
606,20210929,59485.80428,412.55,6.47,126.21,0.817,22.87,9.147,400,5.92,163.74,0.969,9.53
607,20210929,59485.80439,412.55,7.19,112.41,0.808,22.62,9.046,400,6.51,149.09,0.971,9.548
608,20210929,59485.8044,412.55,3.69,30.11,0.111,3.107,1.243,300,3.3,58.23,0.192,1.417
609,20210929,59485.80449,412.55,6.53,80.49,0.526,14.72,5.889,450,6,86.86,0.521,5.764
610,20210929,59485.80449,412.55,7.53,26.17,0.197,5.514,2.206,200,7.14,66.54,0.475,2.338
611,20210929,59485.80463,412.55,8.51,67.67,0.576,16.12,6.449,300,7.33,111.13,0.815,6.01
612,20210929,59485.80475,412.55,6.84,400.21,2.739,76.66,30.67,500,6.21,400.46,2.488,30.59
613,20210929,59485.80485,412.55,2.91,41.89,0.122,3.415,1.366,400,2.55,52.4,0.134,1.317
614,20210929,59485.80485,412.55,8.67,103.14,0.894,25.02,10.01,450,5.89,171.38,1.009,11.17
615,20210929,59485.80485,412.55,6.35,82.89,0.526,14.72,5.889,350,4.31,161.37,0.696,5.988
616,20210929,59485.80485,412.55,4.36,32.56,0.142,3.975,1.59,200,4.15,84,0.349,1.715
617,20210929,59485.80485,412.55,5.27,16.31,0.086,2.407,0.9629,100,5.3,70.25,0.373,0.9158
618,20210929,59485.80502,412.55,7.38,101.5,0.749,20.96,8.386,400,6.77,152.57,1.033,10.16
619,20210929,59485.80516,412.55,4.07,206.43,0.84,23.51,9.405,400,3.72,267.68,0.995,9.781
620,20210929,59485.80528,412.55,4.07,22.62,0.092,2.575,1.03,200,4.8,48.16,0.231,1.138
621,20210929,59485.80528,412.55,5.36,91.01,0.488,13.66,5.464,300,4.92,145.27,0.715,5.276
622,20210929,59485.80528,412.55,4.13,37.26,0.154,4.31,1.724,350,3.63,46.7,0.169,1.458
623,20210929,59485.8055,412.55,5.49,98.19,0.539,15.09,6.035,500,5.01,97.92,0.491,6.035
624,20210929,59485.80566,412.55,7.21,129.01,0.93,26.03,10.41,300,6.68,258.39,1.725,12.72
625,20210929,59485.80566,412.55,8.02,60.94,0.489,13.69,5.475,150,7.52,186.29,1.402,5.169
626,20210929,59485.80593,412.55,2.91,49.16,0.143,4.003,1.601,200,2.91,123.54,0.36,1.769
627,20210929,59485.80593,412.55,7.28,29.12,0.212,5.934,2.374,300,3.55,75.22,0.267,1.968
628,20210929,59485.80603,412.55,7.35,127.16,0.934,26.14,10.46,400,7,167.28,1.171,11.52
629,20210929,59485.80604,412.55,2.01,22.88,0.046,1.288,0.515,250,2.21,41.67,0.092,0.5654
630,20210929,59485.80626,412.55,2.79,220.64,0.616,17.24,6.897,450,2.52,235.65,0.595,6.58
631,20210929,59485.80626,412.55,2.91,19.27,0.056,1.567,0.627,350,2.7,27.36,0.074,0.6348
632,20210929,59485.80626,412.55,15.18,219.29,3.328,93.15,37.26,350,13.22,356.38,4.712,40.54
633,20210929,59485.80673,412.55,3.27,26.63,0.087,2.435,0.9741,200,2.98,61.2,0.182,0.8957
634,20210929,59485.80679,412.55,2.82,28.75,0.081,2.267,0.9069,200,2.79,59.12,0.165,0.8106
635,20210929,59485.80684,412.55,5.57,37.34,0.208,5.822,2.329,300,5.47,63.61,0.348,2.566
636,20210929,59485.80688,412.55,8.9,89.84,0.8,22.39,8.957,300,7.18,170.1,1.221,9.006
637,20210929,59485.80689,412.55,5.06,14.63,0.074,2.071,0.8285,150,4.13,25.35,0.105,0.3863
638,20210929,59485.8069,412.55,5.71,52.06,0.297,8.313,3.325,300,5.2,73.84,0.384,2.835
639,20210929,59485.80694,412.55,6.37,110.23,0.702,19.65,7.86,500,5.77,110.16,0.636,7.815
640,20210929,59485.80694,412.55,4.86,46.72,0.227,6.354,2.542,250,4.57,101.94,0.465,2.861
641,20210929,59485.80695,412.55,5.06,23.5,0.119,3.331,1.332,300,4.6,49.73,0.229,1.686
642,20210929,59485.80695,412.55,2.53,16.59,0.042,1.176,0.4702,150,2.49,23.74,0.059,0.2183
643,20210929,59485.80697,412.55,5.41,87.91,0.476,13.32,5.329,350,3.34,170.84,0.57,4.903
644,20210929,59485.8071,412.55,1.89,6.89,0.013,0.3639,0.1456,50,4.74,50.75,0.24,0.2956
645,20210929,59485.80711,412.55,1.05,7.59,0.008,0.2239,0.08957,200,2,13.68,0.027,0.1344
646,20210929,59485.80711,412.55,3.23,38.66,0.125,3.499,1.4,250,3.49,83.05,0.29,1.78
647,20210929,59485.80711,412.55,4.7,24.04,0.113,3.163,1.265,200,5.07,55.86,0.283,1.393
648,20210929,59485.80717,412.55,3.51,15.1,0.053,1.483,0.5934,100,4.06,59.72,0.242,0.5956
649,20210929,59485.80738,412.55,4.39,200.34,0.88,24.63,9.853,250,4.12,468.35,1.928,11.85
650,20210929,59485.8074,412.55,5.23,15.28,0.08,2.239,0.8957,350,5.65,17.08,0.097,0.8308
651,20210929,59485.8074,412.55,3.25,12.02,0.039,1.092,0.4366,250,2.49,31.8,0.079,0.487
652,20210929,59485.80741,412.55,3.69,19.76,0.073,2.043,0.8173,250,3.59,38.06,0.137,0.8397
653,20210929,59485.80751,412.55,5.01,226.24,1.133,31.71,12.68,400,4.6,298.26,1.372,13.49
654,20210929,59485.80751,412.55,2.72,11.01,0.03,0.8397,0.3359,100,2.14,30.7,0.066,0.1612
655,20210929,59485.80751,412.55,3.16,61.42,0.194,5.43,2.172,200,3.03,159.07,0.483,2.374
656,20210929,59485.8076,412.55,2.04,132.43,0.27,7.557,3.023,500,1.89,132.67,0.25,3.079
657,20210929,59485.8076,412.55,4.68,223.93,1.048,29.33,11.73,500,4.34,224.08,0.972,11.95
658,20210929,59485.80764,412.55,2.89,59.81,0.173,4.842,1.937,200,2.86,139.72,0.4,1.966
659,20210929,59485.8077,412.55,6.62,172.98,1.145,32.05,12.82,350,6.09,288.54,1.758,15.13
660,20210929,59485.8077,412.55,5.14,6.81,0.035,0.9797,0.3919,50,7.07,44.41,0.314,0.3863
661,20210929,59485.80779,412.55,6.91,40.94,0.283,7.921,3.168,200,6.4,109.2,0.699,3.435
662,20210929,59485.80791,412.55,4.5,17.35,0.078,2.183,0.8733,150,3.82,49.56,0.189,0.6986
663,20210929,59485.80791,412.55,4.77,52.61,0.251,7.026,2.81,150,4.33,159.2,0.689,2.539
664,20210929,59485.80798,412.55,2.97,22.86,0.068,1.903,0.7613,200,2.48,53.54,0.133,0.6538
665,20210929,59485.808,412.55,2.15,180.62,0.388,10.86,4.344,350,1.9,259.21,0.494,4.248
666,20210929,59485.808,412.55,2.49,43.82,0.109,3.051,1.22,300,2.38,73.63,0.175,1.29
667,20210929,59485.808,412.55,3.82,48.18,0.184,5.15,2.06,350,3.27,71.48,0.234,2.014
668,20210929,59485.80806,412.55,5.8,109.19,0.633,17.72,7.087,450,5.31,120.41,0.639,7.074
669,20210929,59485.80809,412.55,3.53,11.9,0.042,1.176,0.4702,200,3.4,20.65,0.07,0.3448
670,20210929,59485.80809,412.55,8.85,329.3,2.914,81.56,32.62,500,8.02,329.11,2.64,32.46
671,20210929,59485.8081,412.55,4.03,208.21,0.839,23.48,9.394,400,3.62,245.1,0.886,8.715
672,20210929,59485.80823,412.55,3.32,294.59,0.978,27.37,10.95,450,3,313.26,0.939,10.39
673,20210929,59485.80823,412.55,6.17,286.27,1.766,49.43,19.77,300,5.6,462.24,2.588,19.08
674,20210929,59485.80823,412.55,11.67,184.83,2.157,60.38,24.15,400,9.12,289.05,2.635,25.92
675,20210929,59485.80834,412.55,4.11,18.25,0.075,2.099,0.8397,200,4.06,41,0.167,0.8196
676,20210929,59485.80835,412.55,11.61,125.21,1.454,40.7,16.28,500,10.73,125.19,1.343,16.51
677,20210929,59485.80836,412.55,3.9,380.9,1.485,41.56,16.63,400,3.56,501.78,1.787,17.57
678,20210929,59485.80836,412.55,6.7,260.23,1.743,48.79,19.51,350,5.23,404.8,2.116,18.2
679,20210929,59485.80836,412.55,6.19,114.42,0.708,19.82,7.927,400,5.65,146.5,0.827,8.133
680,20210929,59485.80853,412.55,4.99,19.66,0.098,2.743,1.097,200,4.62,49.26,0.228,1.12
681,20210929,59485.8086,412.55,3.46,25.43,0.088,2.463,0.9853,200,3.17,58.04,0.184,0.9046
682,20210929,59485.80869,412.55,5.94,18.36,0.109,3.051,1.22,100,4.85,57.78,0.281,0.6897
683,20210929,59485.80869,412.55,5.14,408.18,2.097,58.7,23.48,500,3.65,502.26,1.833,22.53
684,20210929,59485.80869,412.55,4.12,41.76,0.172,4.814,1.926,350,3.74,58.13,0.218,1.873
685,20210929,59485.80872,412.55,3.36,13.38,0.045,1.26,0.5038,200,2.87,23.2,0.066,0.3269
686,20210929,59485.80872,412.55,4.59,35.48,0.163,4.562,1.825,350,4.2,50.36,0.211,1.818
687,20210929,59485.80872,412.55,5.33,59.64,0.318,8.901,3.56,350,4.86,82.04,0.399,3.432
688,20210929,59485.80872,412.55,11.3,12.48,0.141,3.947,1.579,100,13.24,43.96,0.582,1.431
689,20210929,59485.8089,412.55,7.4,23.79,0.176,4.926,1.97,250,6.63,45.08,0.299,1.837
690,20210929,59485.80898,412.55,5.46,31.12,0.17,4.758,1.903,200,5.14,83.79,0.431,2.118
691,20210929,59485.80906,412.55,13.71,411.05,5.636,157.8,63.1,500,12.54,411.16,5.154,63.36
692,20210929,59485.80913,412.55,7.49,214.6,1.608,45.01,18,350,6.36,358.34,2.28,19.62
693,20210929,59485.80916,412.55,2.63,25.11,0.066,1.847,0.7389,300,2.53,38.53,0.097,0.7188
694,20210929,59485.80917,412.55,9.3,40.95,0.381,10.66,4.266,250,8.43,96.82,0.817,5.019
695,20210929,59485.80923,412.55,8.91,105.19,0.937,26.23,10.49,500,8.24,105.22,0.867,10.66
696,20210929,59485.80923,412.55,7.9,153.16,1.21,33.87,13.55,250,7.08,369.4,2.614,16.07
697,20210929,59485.8093,412.55,11.69,142.96,1.671,46.77,18.71,450,10.49,158.97,1.668,18.45
698,20210929,59485.8095,412.55,8.3,189.69,1.574,44.06,17.62,450,5,315.42,1.576,17.44
699,20210929,59485.80963,412.55,4.15,33.27,0.138,3.863,1.545,350,3.58,44.26,0.158,1.364
700,20210929,59485.80971,412.55,3.7,142.03,0.526,14.72,5.889,500,3.31,142.3,0.471,5.788
701,20210929,59485.80971,412.55,3.15,73.6,0.232,6.494,2.598,250,2.71,170.94,0.463,2.844
702,20210929,59485.80975,412.55,5.23,123.01,0.643,18,7.199,200,4.74,310.19,1.469,7.224
703,20210929,59485.81,412.55,6.77,190.86,1.292,36.16,14.46,500,6.07,190.57,1.156,14.21
704,20210929,59485.81029,412.55,2.82,10.29,0.029,0.8117,0.3247,50,3.93,34.29,0.135,0.1657
705,20210929,59485.81029,412.55,4.62,119.79,0.553,15.48,6.191,300,4.23,247.17,1.046,7.719
706,20210929,59485.81032,412.55,5.05,38.99,0.197,5.514,2.206,350,4.73,62.37,0.295,2.539
707,20210929,59485.81033,412.55,10.91,318.54,3.474,97.24,38.9,500,10.11,318.3,3.219,39.57
708,20210929,59485.81035,412.55,7.84,61.57,0.483,13.52,5.408,450,6.2,65.8,0.408,4.516
709,20210929,59485.81049,412.55,3.86,247.47,0.955,26.73,10.69,500,3.57,247.6,0.884,10.87
710,20210929,59485.8106,412.55,4.16,18.98,0.079,2.211,0.8845,200,4.18,41.79,0.175,0.8599
711,20210929,59485.81064,412.55,5.64,12.76,0.072,2.015,0.8061,150,6.32,31.85,0.201,0.7423
712,20210929,59485.81101,412.55,3.22,10.57,0.034,0.9517,0.3807,100,3.55,44.42,0.158,0.3874
713,20210929,59485.81101,412.55,4.63,450.79,2.087,58.42,23.37,400,4.25,612.83,2.607,25.63
714,20210929,59485.81101,412.55,3.76,40.94,0.154,4.31,1.724,200,3.55,108.12,0.383,1.885
715,20210929,59485.8111,412.55,3.33,19.54,0.065,1.819,0.7278,400,3.21,19.04,0.061,0.6001
716,20210929,59485.8111,412.55,8.6,391.44,3.368,94.27,37.71,500,7.75,391.43,3.033,37.28
717,20210929,59485.81112,412.55,13.81,222.5,3.072,85.99,34.39,500,11.59,249.63,2.893,35.56
718,20210929,59485.81114,412.55,3.83,13.31,0.051,1.428,0.571,100,5.43,31.54,0.171,0.421
719,20210929,59485.8112,412.55,7.39,157.15,1.161,32.5,13,300,6.83,319.87,2.185,16.12
720,20210929,59485.81128,412.55,4.15,10.6,0.044,1.232,0.4926,150,4.65,22.13,0.103,0.3796
721,20210929,59485.81145,412.55,5.49,112.65,0.618,17.3,6.919,500,4.96,112.66,0.559,6.874
722,20210929,59485.81189,412.55,2.93,34.51,0.101,2.827,1.131,200,2.57,61.06,0.157,0.7703
723,20210929,59485.81199,412.55,3.65,11.79,0.043,1.204,0.4814,100,3.19,37.46,0.119,0.2933
724,20210929,59485.812,412.55,4.38,13.48,0.059,1.651,0.6606,100,4.82,28.35,0.137,0.3359
725,20210929,59485.81211,412.55,3.33,13.83,0.046,1.288,0.515,300,3.4,15.53,0.053,0.3896
726,20210929,59485.81212,412.55,3.94,28.2,0.111,3.107,1.243,200,3.62,69.22,0.25,1.232
727,20210929,59485.81236,412.55,11.75,157.39,1.849,51.75,20.7,450,7.78,237.2,1.846,20.42
728,20210929,59485.81242,412.55,3.75,37.33,0.14,3.919,1.567,400,3.26,42.44,0.138,1.361
729,20210929,59485.81242,412.55,3.84,12.5,0.048,1.344,0.5374,200,3.19,19.7,0.063,0.309
730,20210929,59485.81246,412.55,3.8,260.03,0.989,27.68,11.07,400,3.35,342.12,1.145,11.26
731,20210929,59485.81259,412.55,5.58,153.88,0.859,24.04,9.618,300,5.14,320.25,1.648,12.15
732,20210929,59485.81263,412.55,3.9,29.74,0.116,3.247,1.299,150,4.88,71.05,0.346,1.277
733,20210929,59485.81268,412.55,5.52,10.69,0.059,1.651,0.6606,50,4.1,79.98,0.328,0.4031
734,20210929,59485.8128,412.55,2.16,20.79,0.045,1.26,0.5038,250,1.75,47.24,0.083,0.5094
735,20210929,59485.81287,412.55,5.59,35.26,0.197,5.514,2.206,200,5.44,86.88,0.473,2.324
736,20210929,59485.81289,412.55,11.15,299.79,3.344,93.6,37.44,450,7.71,416.84,3.212,35.53
737,20210929,59485.81291,412.55,5.2,17.32,0.09,2.519,1.008,200,5.63,31.08,0.175,0.8599
738,20210929,59485.81298,412.55,8.35,143.05,1.195,33.45,13.38,350,7.87,207.29,1.632,14.04
739,20210929,59485.81298,412.55,4.42,61.12,0.27,7.557,3.023,350,3.89,91,0.354,3.049
740,20210929,59485.81298,412.55,4.67,90.43,0.422,11.81,4.725,250,4.28,193.75,0.83,5.1
741,20210929,59485.81313,412.55,4.97,16.29,0.081,2.267,0.9069,200,3.02,40.46,0.122,0.6001
742,20210929,59485.81322,412.55,5.84,16.45,0.096,2.687,1.075,350,5.27,23.66,0.125,1.074
743,20210929,59485.81325,412.55,1.17,59.68,0.07,1.959,0.7837,200,1.53,100.29,0.154,0.7569
744,20210929,59485.81326,412.55,8.78,101.24,0.889,24.88,9.953,400,8.19,133.99,1.097,10.79
745,20210929,59485.81337,412.55,3.35,42.1,0.141,3.947,1.579,200,3.27,99.65,0.326,1.603
746,20210929,59485.81342,412.55,3.56,65.48,0.233,6.522,2.609,400,3.27,75.65,0.248,2.436
747,20210929,59485.81349,412.55,5.48,57.67,0.316,8.845,3.538,400,4.95,74.65,0.37,3.636
748,20210929,59485.81355,412.55,4.57,67.66,0.309,8.649,3.46,400,3.75,84.49,0.316,3.112
749,20210929,59485.81365,412.55,4.09,32.03,0.131,3.667,1.467,150,4.28,79.79,0.342,1.26
750,20210929,59485.81372,412.55,6.96,109.16,0.76,21.27,8.509,250,7.26,194.52,1.413,8.684
751,20210929,59485.81373,412.55,9.78,339.25,3.318,92.87,37.15,350,9.22,555.91,5.123,44.08
752,20210929,59485.81376,412.55,1.95,12.81,0.025,0.6998,0.2799,150,1.77,28.8,0.051,0.1881
753,20210929,59485.81376,412.55,6.74,290.57,1.959,54.83,21.93,500,6.35,290.6,1.847,22.7
754,20210929,59485.81376,412.55,14.79,127.52,1.886,52.79,21.12,400,13.29,172.82,2.296,22.58
755,20210929,59485.81385,412.55,2.63,27.72,0.073,2.043,0.8173,300,2.36,45.94,0.108,0.7994
756,20210929,59485.81385,412.55,4.04,535.83,2.165,60.6,24.24,500,3.68,535.8,1.972,24.24
757,20210929,59485.81386,412.55,5.94,186.1,1.105,30.93,12.37,500,5.86,186,1.09,13.4
758,20210929,59485.81402,412.55,3.67,243.26,0.893,25,9.998,400,3.42,301.12,1.031,10.14
759,20210929,59485.81402,412.55,2.84,10.2,0.029,0.8117,0.3247,200,2.09,30.98,0.065,0.318
760,20210929,59485.81402,412.55,4.55,11.87,0.054,1.511,0.6046,150,3.09,29.76,0.092,0.3392
761,20210929,59485.81412,412.55,3.69,27.64,0.102,2.855,1.142,400,3.28,31.9,0.105,1.03
762,20210929,59485.81419,412.55,8.78,136.11,1.195,33.45,13.38,500,7.98,136.14,1.087,13.36
763,20210929,59485.81419,412.55,9.57,21.84,0.209,5.85,2.34,150,8.97,60.82,0.546,2.012
764,20210929,59485.81436,412.55,6.72,182.75,1.228,34.37,13.75,450,6.04,202.14,1.22,13.5
765,20210929,59485.81459,412.55,4.44,328.18,1.457,40.78,16.31,300,4.11,551.69,2.265,16.71
766,20210929,59485.81459,412.55,2.85,18.93,0.054,1.511,0.6046,150,2.51,55.25,0.138,0.5105
767,20210929,59485.81461,412.55,6.54,238.7,1.561,43.69,17.48,300,6.02,524,3.155,23.27
768,20210929,59485.81461,412.55,8.53,32.46,0.277,7.753,3.101,250,8.49,76.53,0.649,3.991
769,20210929,59485.81499,412.55,6.65,34.6,0.23,6.438,2.575,450,5.93,35.48,0.21,2.328
770,20210929,59485.81504,412.55,2.39,22.21,0.053,1.483,0.5934,200,1.92,55.89,0.107,0.5284
771,20210929,59485.81517,412.55,4.54,535.28,2.43,68.02,27.21,500,4.13,535.35,2.213,27.21
772,20210929,59485.81533,412.55,4.03,16.87,0.068,1.903,0.7613,100,3.81,58.29,0.222,0.5464
773,20210929,59485.81546,412.55,4.78,15.47,0.074,2.071,0.8285,150,3.41,46.5,0.158,0.5844
774,20210929,59485.81554,412.55,6.77,127.71,0.865,24.21,9.685,300,6.27,268.39,1.682,12.41
775,20210929,59485.81555,412.55,4.37,287.95,1.258,35.21,14.08,500,3.95,287.91,1.138,14
776,20210929,59485.8157,412.55,8.22,547.7,4.503,126,50.42,500,7.21,547.69,3.95,48.56
777,20210929,59485.81573,412.55,2.55,7.45,0.019,0.5318,0.2127,50,5.01,37.1,0.186,0.2284
778,20210929,59485.81594,412.55,4.03,73.49,0.296,8.285,3.314,400,3.55,92.74,0.329,3.233
779,20210929,59485.81597,412.55,3.23,18.89,0.061,1.707,0.683,300,3.22,29.46,0.095,0.6986
780,20210929,59485.81597,412.55,2.9,10.7,0.031,0.8677,0.3471,150,2.98,33.04,0.098,0.3628
781,20210929,59485.81599,412.55,2.73,120.17,0.328,9.181,3.672,450,2.51,133.85,0.336,3.718
782,20210929,59485.81599,412.55,1.71,18.16,0.031,0.8677,0.3471,200,1.52,35.38,0.054,0.2642
783,20210929,59485.81631,412.55,4.13,11.39,0.047,1.316,0.5262,100,2.8,48.55,0.136,0.3336
784,20210929,59485.81643,412.55,3,17.64,0.053,1.483,0.5934,350,2.83,23.79,0.067,0.58
785,20210929,59485.81663,412.55,7.13,122.5,0.873,24.44,9.774,400,6.4,167.31,1.07,10.52
786,20210929,59485.81673,412.55,4.11,55.75,0.229,6.41,2.564,200,3.76,143.34,0.538,2.647
787,20210929,59485.81677,412.55,3.79,425.39,1.612,45.12,18.05,400,3.42,533.59,1.822,17.92
788,20210929,59485.81772,412.55,6.21,99.02,0.615,17.21,6.886,450,5.73,109.53,0.628,6.943
789,20210929,59485.81772,412.55,2.42,12.81,0.031,0.8677,0.3471,100,3.4,37.49,0.128,0.3135
790,20210929,59485.8178,412.55,12.51,16.22,0.203,5.682,2.273,150,10.2,48.59,0.495,1.827
791,20210929,59485.8178,412.55,9.3,75.68,0.704,19.7,7.882,200,9.71,177.84,1.727,8.491
792,20210929,59485.81808,412.55,9.54,149.68,1.428,39.97,15.99,400,8.96,198.73,1.781,17.52
793,20210929,59485.81809,412.55,24,78.95,1.895,53.04,21.22,500,12.58,132.9,1.672,20.55
794,20210929,59485.81813,412.55,5.96,34.57,0.206,5.766,2.306,150,6.1,85.98,0.525,1.935
795,20210929,59485.8182,412.55,2.64,16.29,0.043,1.204,0.4814,150,2.62,49.38,0.129,0.477
796,20210929,59485.81831,412.55,10.91,52.44,0.572,16.01,6.404,300,9.09,96.85,0.88,6.494
797,20210929,59485.81878,412.55,7.83,35.36,0.277,7.753,3.101,200,7.55,84.47,0.638,3.135
798,20210929,59485.8189,412.55,9.95,19.99,0.199,5.57,2.228,150,9.91,52.19,0.517,1.908
799,20210929,59485.8189,412.55,2.31,11.71,0.027,0.7557,0.3023,50,2.82,62.36,0.176,0.2161
800,20210929,59485.8189,412.55,3.75,12.55,0.047,1.316,0.5262,50,3.93,82.5,0.324,0.3986
801,20210929,59485.81891,412.55,3.1,27.07,0.084,2.351,0.9405,200,3.42,65.06,0.222,1.093
802,20210929,59485.81891,412.55,1.18,12.67,0.015,0.4198,0.1679,150,1.7,33.7,0.057,0.2116
803,20210929,59485.81891,412.55,7.75,88.16,0.683,19.12,7.647,250,5.93,210.46,1.248,7.673
804,20210929,59485.81891,412.55,8.08,18.68,0.151,4.226,1.691,50,9.42,173.75,1.637,2.012
805,20210929,59485.81941,412.55,4.04,18.8,0.076,2.127,0.8509,100,5,65.21,0.326,0.8016
806,20210929,59485.81961,412.55,2.17,96.75,0.21,5.878,2.351,200,2.03,249.26,0.506,2.49
807,20210929,59485.81961,412.55,9.87,231.46,2.284,63.93,25.57,400,9,273.08,2.457,24.16
808,20210929,59485.81961,412.55,4.18,183.32,0.766,21.44,8.576,200,3.85,457.84,1.764,8.675
809,20210929,59485.81973,412.55,6.45,29.78,0.192,5.374,2.15,200,6.8,68.06,0.463,2.275
810,20210929,59485.81973,412.55,5.98,23.26,0.139,3.891,1.556,200,5.08,52.13,0.265,1.303
811,20210929,59485.8198,412.55,11.37,82.59,0.939,26.28,10.51,450,5.75,166.23,0.955,10.56
812,20210929,59485.8198,412.55,10.29,250.32,2.576,72.1,28.84,400,9.35,345.23,3.229,31.75
813,20210929,59485.81991,412.55,12.67,262.42,3.324,93.04,37.22,500,11.09,262.18,2.908,35.74
814,20210929,59485.81995,412.55,3.41,85.89,0.293,8.201,3.28,250,2.93,150.64,0.442,2.715
815,20210929,59485.81995,412.55,12.28,133.18,1.635,45.76,18.3,500,5.96,284.88,1.698,20.88
816,20210929,59485.81995,412.55,8.09,16.57,0.134,3.751,1.5,100,7.56,67.5,0.51,1.254
817,20210929,59485.81997,412.55,5.15,337.01,1.735,48.56,19.42,500,4.64,337.08,1.565,19.24
818,20210929,59485.81997,412.55,6.78,69.27,0.47,13.16,5.262,450,6.13,76.47,0.469,5.185
819,20210929,59485.81998,412.55,6.84,226.52,1.549,43.36,17.34,450,6.2,249.28,1.546,17.1
820,20210929,59485.82021,412.55,6.06,131.53,0.797,22.31,8.923,450,5.44,140.65,0.765,8.464
821,20210929,59485.82021,412.55,5.92,70.41,0.417,11.67,4.669,250,5.16,161.4,0.832,5.114
822,20210929,59485.82023,412.55,4.42,21.25,0.094,2.631,1.052,200,3.62,32.67,0.118,0.5822
823,20210929,59485.82033,412.55,4.5,366.54,1.651,46.21,18.48,500,3.91,366.51,1.432,17.6
824,20210929,59485.82044,412.55,5.24,154.76,0.811,22.7,9.08,450,4.79,165.61,0.793,8.777
825,20210929,59485.82058,412.55,4.27,15.7,0.067,1.875,0.7501,200,3.6,35.14,0.127,0.6225
826,20210929,59485.82061,412.55,2.98,10.74,0.032,0.8957,0.3583,150,3.1,20.88,0.065,0.2385
827,20210929,59485.8207,412.55,2.67,21.37,0.057,1.595,0.6382,100,2.46,61,0.15,0.3695
828,20210929,59485.82074,412.55,3.23,14.56,0.047,1.316,0.5262,150,2.44,48.23,0.117,0.4333
829,20210929,59485.82088,412.55,5.69,116.82,0.665,18.61,7.445,300,5.04,249.43,1.256,9.264
830,20210929,59485.82093,412.55,5.63,12.44,0.07,1.959,0.7837,150,5.42,30.59,0.166,0.6113
831,20210929,59485.82093,412.55,13.09,144.86,1.896,53.07,21.23,500,12.53,144.87,1.815,22.31
832,20210929,59485.82095,412.55,4.13,20.32,0.084,2.351,0.9405,200,3.56,49.69,0.177,0.8688
833,20210929,59485.82095,412.55,5.36,33.01,0.177,4.954,1.982,200,4.66,63.93,0.298,1.464
834,20210929,59485.82096,412.55,4.45,80.3,0.357,9.992,3.997,200,4.12,207.31,0.853,4.196
835,20210929,59485.821,412.55,5.96,70.52,0.42,11.76,4.702,200,5.37,187.59,1.006,4.949
836,20210929,59485.82105,412.55,4.14,13.77,0.057,1.595,0.6382,250,4.29,26.35,0.113,0.6942
837,20210929,59485.82112,412.55,3.5,30.57,0.107,2.995,1.198,200,3.15,49.7,0.157,0.7703
838,20210929,59485.82112,412.55,3.19,40.14,0.128,3.583,1.433,250,3.41,86.53,0.295,1.814
839,20210929,59485.82118,412.55,7.21,86.95,0.627,17.55,7.02,300,6.57,138.1,0.907,6.691
840,20210929,59485.82118,412.55,3.73,295.16,1.101,30.82,12.33,300,3.43,646.17,2.213,16.32
841,20210929,59485.82121,412.55,4.29,11.19,0.048,1.344,0.5374,100,4.99,26.09,0.13,0.3202
842,20210929,59485.82121,412.55,6.46,82.77,0.535,14.97,5.99,450,3.62,142.88,0.517,5.72
843,20210929,59485.82159,412.55,3.39,20.97,0.071,1.987,0.7949,300,3.31,40.47,0.134,0.9875
844,20210929,59485.82176,412.55,7.9,23.28,0.184,5.15,2.06,300,8.97,40.01,0.359,2.647
845,20210929,59485.82176,412.55,5.86,275.31,1.614,45.18,18.07,500,4.3,344.2,1.48,18.19
846,20210929,59485.82176,412.55,3.67,78.24,0.287,8.033,3.213,250,3.42,171.19,0.585,3.594
847,20210929,59485.82179,412.55,3.47,12.98,0.045,1.26,0.5038,100,3.38,37.99,0.128,0.3157
848,20210929,59485.8218,412.55,8.73,56.37,0.492,13.77,5.508,400,8.15,73.99,0.603,5.929
849,20210929,59485.82181,412.55,4.73,296.55,1.403,39.27,15.71,500,4.26,296.5,1.264,15.54
850,20210929,59485.82183,412.55,5.24,201.47,1.055,29.53,11.81,200,4.61,521.2,2.403,11.81
851,20210929,59485.82183,412.55,3.14,9.57,0.03,0.8397,0.3359,50,4.52,119.2,0.539,0.6628
852,20210929,59485.82185,412.55,2.93,108.73,0.319,8.929,3.572,200,2.77,270.64,0.75,3.686
853,20210929,59485.82218,412.55,6.51,47.34,0.308,8.621,3.448,350,3.83,83.12,0.319,2.742
854,20210929,59485.82218,412.55,5.73,123.82,0.709,19.84,7.938,350,5.11,213.6,1.091,9.389
855,20210929,59485.8224,412.55,10.32,182.84,1.887,52.82,21.13,350,7.18,386.15,2.772,23.85
856,20210929,59485.82243,412.55,4.39,33.46,0.147,4.114,1.646,500,3.99,33.34,0.133,1.635
857,20210929,59485.82243,412.55,4.43,431.47,1.911,53.49,21.4,350,3.87,725.95,2.806,24.15
858,20210929,59485.82243,412.55,5.56,32.02,0.178,4.982,1.993,150,5.6,82.49,0.462,1.703
859,20210929,59485.82256,412.55,5.73,56.73,0.325,9.097,3.639,350,4.97,87.72,0.436,3.754
860,20210929,59485.82258,412.55,3.45,22.34,0.077,2.155,0.8621,250,2.68,47.2,0.127,0.7781
861,20210929,59485.82259,412.55,6.9,97.44,0.672,18.81,7.524,250,6.23,229.36,1.429,8.783
862,20210929,59485.82265,412.55,4.29,112.65,0.483,13.52,5.408,300,3.84,253.12,0.973,7.174
863,20210929,59485.82265,412.55,3.14,12.72,0.04,1.12,0.4478,200,3.46,28.99,0.1,0.4926
864,20210929,59485.82265,412.55,9.24,58.25,0.538,15.06,6.024,200,8.75,147.25,1.288,6.332
865,20210929,59485.82268,412.55,8.33,103.3,0.86,24.07,9.629,350,7.61,172.37,1.312,11.29
866,20210929,59485.82269,412.55,2.47,40.56,0.1,2.799,1.12,400,2.28,47.9,0.109,1.075
867,20210929,59485.82276,412.55,5.01,31.51,0.158,4.422,1.769,250,4.16,72.25,0.301,1.847
868,20210929,59485.82285,412.55,2.8,33.17,0.093,2.603,1.041,200,2.44,86.16,0.21,1.034
869,20210929,59485.8229,412.55,7.99,106.45,0.851,23.82,9.528,400,6.6,135.02,0.891,8.76
870,20210929,59485.8229,412.55,2.25,19.59,0.044,1.232,0.4926,200,2.45,51.99,0.128,0.627
871,20210929,59485.82308,412.55,1.36,97.5,0.133,3.723,1.489,200,1.62,171.19,0.278,1.366
872,20210929,59485.82326,412.55,4.31,232.67,1.002,28.05,11.22,300,3.87,378.83,1.465,10.81
873,20210929,59485.82333,412.55,5.29,20.43,0.108,3.023,1.209,250,4.93,43.94,0.217,1.332
874,20210929,59485.82333,412.55,2.64,15.9,0.042,1.176,0.4702,200,3.58,38.15,0.137,0.6718
875,20210929,59485.82367,412.55,6.66,46.52,0.31,8.677,3.471,300,7.46,73.59,0.549,4.051
876,20210929,59485.82367,412.55,4.27,231.07,0.987,27.63,11.05,300,3.88,508.78,1.974,14.56
877,20210929,59485.82367,412.55,2.75,7.65,0.021,0.5878,0.2351,100,1.94,24.94,0.048,0.1187
878,20210929,59485.82374,412.55,3.7,410.28,1.516,42.43,16.97,300,3.31,907.52,3.005,22.17
879,20210929,59485.82377,412.55,10.57,243.73,2.576,72.1,28.84,450,7.4,370.83,2.743,30.35
880,20210929,59485.82381,412.55,4.77,155.54,0.742,20.77,8.308,400,4.39,192.41,0.844,8.303
881,20210929,59485.82393,412.55,2.89,14.52,0.042,1.176,0.4702,50,3.15,37.59,0.118,0.1456
